Date,Close/Last,Volume,Open,High,Low
04/08/2022,$3089.21,2300083,$3135,$3147.37,$3084.615
04/07/2022,$3155.69,3406839,$3168,$3201.58,$3090.23
04/06/2022,$3175.12,3952788,$3233.01,$3244,$3145.09
04/05/2022,$3281.1,2686428,$3354.83,$3362.21,$3265.3201
04/04/2022,$3366.93,2500398,$3282.5,$3367.89,$3264.11
04/01/2022,$3271.2,2854475,$3282.99,$3316.54,$3246.39
03/31/2022,$3259.95,2998289,$3328.895,$3329.9,$3259.07
03/30/2022,$3326.02,2808363,$3370.19,$3379.01,$3310
03/29/2022,$3386.3,3307680,$3407.68,$3416.63,$3357.37
03/28/2022,$3379.81,2992691,$3299.5,$3380.75,$3298
03/25/2022,$3295.47,2454275,$3280,$3307.37,$3245
03/24/2022,$3272.99,2839903,$3274.99,$3282.37,$3201
03/23/2022,$3268.16,2790593,$3274.1,$3327.4,$3253.74
03/22/2022,$3297.78,3204306,$3236.11,$3323.34,$3233.98
03/21/2022,$3229.83,3326876,$3222.415,$3261.68,$3191.06
03/18/2022,$3225.01,5148138,$3136.26,$3231.88,$3120.22
03/17/2022,$3144.78,3646742,$3052.81,$3149.97,$3042.8
03/16/2022,$3062.08,4247884,$2970,$3063,$2947.07
03/15/2022,$2947.33,3779230,$2857,$2959.7,$2840
03/14/2022,$2837.06,3704305,$2919.62,$2949,$2817.68
03/11/2022,$2910.49,3445028,$2991.49,$2993.5,$2907.38
03/10/2022,$2936.35,6753145,$2913.7,$2973.485,$2879.56
03/09/2022,$2785.58,4132833,$2790,$2805,$2736.56
03/08/2022,$2720.29,4583129,$2733.67,$2813.99,$2671.45
03/07/2022,$2749.06,4346693,$2908.87,$2921.89,$2748.33
03/04/2022,$2912.82,3049156,$2943.18,$2957,$2876.14
03/03/2022,$2957.97,3259860,$3070.63,$3078.58,$2937.12
03/02/2022,$3041.05,2366736,$3016.98,$3059.99,$2975
03/01/2022,$3022.84,2243679,$3054.65,$3081.98,$2999.54
02/28/2022,$3071.26,2884171,$3048.5,$3089,$3017
02/25/2022,$3075.77,3119768,$3011,$3079.8,$2984.27
02/24/2022,$3027.16,5039288,$2796.75,$3034.98,$2790
02/23/2022,$2896.54,3212178,$3033.01,$3035.26,$2893.02
02/22/2022,$3003.95,3306412,$3009.57,$3059.65,$2969.71
02/18/2022,$3052.03,3180205,$3109.99,$3109.99,$3017.86
02/17/2022,$3093.05,3201625,$3162.92,$3206.975,$3090
02/16/2022,$3162.01,2635214,$3115.81,$3176.68,$3094.69
02/15/2022,$3130.21,2848533,$3152.11,$3160.14,$3092.75
02/14/2022,$3103.34,4161535,$3035.02,$3168.9663,$3033
02/11/2022,$3065.87,3855022,$3162.69,$3180,$3054.675
02/10/2022,$3180.07,3413406,$3167,$3214.33,$3155
02/09/2022,$3223.79,3439280,$3257.47,$3276.69,$3205
02/08/2022,$3228.27,3802018,$3135.01,$3235.85,$3111.01
02/07/2022,$3158.71,5131219,$3170.4,$3253.815,$3145
02/04/2022,$3152.79,12672790,$3112.13,$3224,$3012.16
02/03/2022,$2776.91,11276570,$2834.75,$2884.95,$2766.66
02/02/2022,$3012.25,4366488,$3101.0085,$3101.5,$2977.2717
02/01/2022,$3023.87,2960992,$3000,$3034.16,$2952.5548
01/31/2022,$2991.47,3915372,$2895,$3007.21,$2886.0101
01/28/2022,$2879.56,3719599,$2817.21,$2879.96,$2758.585
01/27/2022,$2792.75,3875790,$2816,$2884.87,$2787
01/26/2022,$2777.45,4780085,$2895,$2903.695,$2746.37
01/25/2022,$2799.72,4541233,$2844.85,$2872,$2762.9
01/24/2022,$2890.88,7802237,$2780,$2898.9,$2707.04
01/21/2022,$2852.86,8198572,$2999,$3018,$2841.408
01/20/2022,$3033.35,3598666,$3135.32,$3160,$3027.02
01/19/2022,$3125.98,2662096,$3175.24,$3185,$3125
01/18/2022,$3178.35,3372072,$3182.1,$3194.6899,$3153.29
01/14/2022,$3242.76,2298743,$3203,$3245,$3196.01
01/13/2022,$3224.28,2609415,$3305.01,$3324.4299,$3221.82
01/12/2022,$3304.14,2501456,$3331.5,$3337.56,$3288.34
01/11/2022,$3307.24,3140279,$3230,$3327,$3214.03
01/10/2022,$3229.72,4389915,$3211.71,$3233.23,$3126.09
01/07/2022,$3251.08,2330295,$3276.78,$3304.865,$3240.62
01/06/2022,$3265.08,2597889,$3269.01,$3296,$3238.7442
01/05/2022,$3287.14,3215136,$3337.66,$3342.525,$3287.14
01/04/2022,$3350.44,3536258,$3408.76,$3428,$3326.99
01/03/2022,$3408.09,3193457,$3351,$3414.07,$3323.21
12/31/2021,$3334.34,2391519,$3379.12,$3387,$3331.17
12/30/2021,$3372.89,1879155,$3394,$3417.76,$3370.48
12/29/2021,$3384.02,1787702,$3416.8,$3424.24,$3372.0101
12/28/2021,$3413.22,2735593,$3403.65,$3443.5176,$3382.71
12/27/2021,$3393.39,2942341,$3420.74,$3458.86,$3384.31
12/23/2021,$3421.37,1839412,$3408.56,$3439.5,$3403
12/22/2021,$3420.74,2751773,$3385.395,$3441,$3370.01
12/21/2021,$3408.34,2797791,$3357.01,$3414.3299,$3312.95
12/20/2021,$3341.58,2868633,$3337,$3357.4851,$3312
12/17/2021,$3400.35,4287758,$3354.21,$3417.97,$3312.271
12/16/2021,$3377.42,3043842,$3467.371,$3483.32,$3363.205
12/15/2021,$3466.3,3789713,$3371.96,$3472,$3303.9
12/14/2021,$3381.83,2798764,$3351,$3389.98,$3328.8
12/13/2021,$3391.35,3108450,$3440,$3442,$3382.6
12/10/2021,$3444.24,3034488,$3508.34,$3518.54,$3410
12/09/2021,$3483.42,2303091,$3515,$3539.39,$3482.79
12/08/2021,$3523.16,2262683,$3523.01,$3543.6,$3495.01
12/07/2021,$3523.29,3320536,$3492,$3549.99,$3466.69
12/06/2021,$3427.37,3443000,$3393,$3473.91,$3338.69
12/03/2021,$3389.79,4035550,$3455,$3469.865,$3338.6
12/02/2021,$3437.36,3236288,$3460,$3492.7,$3423.75
12/01/2021,$3443.72,3756995,$3545,$3559.88,$3441.6
11/30/2021,$3507.07,4001107,$3563.5,$3585.77,$3492.01
11/29/2021,$3561.57,3265557,$3547.6443,$3596,$3531.5001
11/26/2021,$3504.56,2991297,$3602.095,$3633.5,$3504.15
11/24/2021,$3580.41,2328018,$3562.67,$3613.64,$3536.85
11/23/2021,$3580.04,3692246,$3585.04,$3621.05,$3527.71
11/22/2021,$3572.57,4847850,$3676.377,$3713.455,$3567.5
11/19/2021,$3676.57,4946203,$3712.69,$3762.145,$3675.72
11/18/2021,$3696.06,5703538,$3566.35,$3704.2,$3561
11/17/2021,$3549,2560270,$3564.72,$3587.245,$3545.35
11/16/2021,$3540.7,2217071,$3539,$3576.5,$3525.1466
11/15/2021,$3545.68,2929719,$3537,$3593.88,$3525.81
11/12/2021,$3525.15,2689434,$3485,$3540.7262,$3447.05
11/11/2021,$3472.5,2264406,$3513,$3543.24,$3467.47
11/10/2021,$3482.05,4027422,$3563.87,$3605.45,$3463.09
11/09/2021,$3576.23,4294922,$3515.25,$3593.77,$3501.425
11/08/2021,$3488.98,3073992,$3523.24,$3579,$3487.86
11/05/2021,$3518.99,4996951,$3477,$3566.25,$3476.98
11/04/2021,$3477,5353020,$3370,$3498.625,$3365.0001
11/03/2021,$3384,3397189,$3309,$3394.92,$3297.52
11/02/2021,$3312.75,2627590,$3315.01,$3331.115,$3283.55
11/01/2021,$3318.11,3608879,$3361.8,$3375.86,$3292.02
10/29/2021,$3372.43,6486077,$3300.02,$3374.82,$3273.32
10/28/2021,$3446.57,5708733,$3402.095,$3479,$3386
10/27/2021,$3392.49,2702224,$3388,$3437,$3371.4534
10/26/2021,$3376.07,2698342,$3349.51,$3416.12,$3343.98
10/25/2021,$3320.37,2225956,$3335,$3347.7997,$3297.7
10/22/2021,$3335.55,3139053,$3421,$3429.84,$3331.3
10/21/2021,$3435.01,1881385,$3414.25,$3440.28,$3403
10/20/2021,$3415.06,2139777,$3452.66,$3462.86,$3400.37
10/19/2021,$3444.15,2386079,$3434.29,$3454.69,$3422
10/18/2021,$3446.74,3174115,$3388.358,$3449.17,$3385.1
10/15/2021,$3409.02,5179941,$3311.42,$3410.42,$3304
10/14/2021,$3299.86,2112020,$3302.454,$3312.6,$3290.78
10/13/2021,$3284.28,2425086,$3269.71,$3288.38,$3261.0889
10/12/2021,$3247.33,1819571,$3257,$3267.528,$3236.28
10/11/2021,$3246.3,2034203,$3275,$3292.5899,$3238.1
10/08/2021,$3288.62,1998217,$3317,$3321.43,$3288.2
10/07/2021,$3302.43,2409075,$3291.54,$3325.746,$3283.06
10/06/2021,$3262.01,2532977,$3213.53,$3264.34,$3198.62
10/05/2021,$3221,3269208,$3204.5,$3260.73,$3202.464
10/04/2021,$3189.78,4523057,$3279.39,$3279.99,$3176.25
10/01/2021,$3283.26,2835617,$3289.01,$3309.1746,$3255.94
09/30/2021,$3285.04,2847033,$3316,$3327.85,$3273.99
09/29/2021,$3301.12,2562268,$3322.11,$3351.3,$3297.87
09/28/2021,$3315.96,4430819,$3357.71,$3369.19,$3290.1001
09/27/2021,$3405.8,3634450,$3371.5,$3415.57,$3339.61
09/24/2021,$3425.52,2116241,$3402.01,$3429.26,$3393.4
09/23/2021,$3416,2379414,$3380.05,$3428.96,$3380.05
09/22/2021,$3380.05,2411403,$3351,$3389,$3341.05
09/21/2021,$3343.63,2780878,$3375,$3379.7,$3332.39
09/20/2021,$3355.73,4669130,$3396,$3419,$3305.01
09/17/2021,$3462.52,4616556,$3488.415,$3497.41,$3452.13
09/16/2021,$3488.24,2583598,$3459.96,$3492.55,$3446.1432
09/15/2021,$3475.79,2957537,$3442.52,$3485.42,$3402.01
09/14/2021,$3450,1936897,$3475.55,$3486.806,$3437.7104
09/13/2021,$3457.17,2569022,$3482.8,$3497.96,$3438.0001
09/10/2021,$3469.15,2397269,$3501.8308,$3508.45,$3462.9055
09/09/2021,$3484.16,2719241,$3526.02,$3549.99,$3480.37
09/08/2021,$3525.5,3053364,$3511.65,$3545.63,$3495.67
09/07/2021,$3509.29,2741184,$3478,$3528.09,$3476.94
09/03/2021,$3478.05,2578324,$3452,$3482.67,$3436.44
09/02/2021,$3463.12,2925594,$3494.76,$3511.9608,$3455
09/01/2021,$3479,3629911,$3496.396,$3527,$3475.24
08/31/2021,$3470.79,4356413,$3424.8,$3472.58,$3395.59
08/30/2021,$3421.57,3192244,$3357.425,$3445,$3355.22
08/27/2021,$3349.63,2402369,$3333.23,$3352.32,$3313.75
08/26/2021,$3316,2098761,$3299,$3332,$3296
08/25/2021,$3299.18,1680306,$3309.87,$3321,$3286.15
08/24/2021,$3305.78,2551841,$3280,$3315.4942,$3274.58
08/23/2021,$3265.87,3268131,$3211.9,$3280.9,$3210.005
08/20/2021,$3199.95,3358428,$3203.873,$3207.81,$3175.76
08/19/2021,$3187.75,3782862,$3194.02,$3233,$3182.4637
08/18/2021,$3201.22,2804311,$3241.99,$3254.0975,$3200
08/17/2021,$3241.96,3387922,$3277.5,$3280.49,$3225.68
08/16/2021,$3298.99,3328494,$3283,$3300,$3211.13
08/13/2021,$3293.97,2056699,$3305.67,$3306.065,$3283
08/12/2021,$3303.5,2323823,$3290,$3314.51,$3269.67
08/11/2021,$3292.11,2947249,$3331.447,$3337.7,$3277.79
08/10/2021,$3320.68,2412551,$3345.01,$3358,$3315
08/09/2021,$3341.87,2148220,$3343.61,$3354.88,$3328.52
08/06/2021,$3344.94,2637644,$3375,$3375,$3329.0373
08/05/2021,$3375.99,2433503,$3356.22,$3389,$3340.92
08/04/2021,$3354.72,2183945,$3379.35,$3388.88,$3345.56
08/03/2021,$3366.24,4157343,$3340.72,$3391,$3299.77
08/02/2021,$3331.48,3353915,$3353.1,$3358.92,$3317
07/30/2021,$3327.59,9965593,$3347.95,$3368.14,$3306.98
07/29/2021,$3599.92,5519952,$3627.75,$3637.95,$3580.01
07/28/2021,$3630.32,2999378,$3633.78,$3658.4204,$3601
07/27/2021,$3626.39,4131890,$3698.5,$3698.5,$3586.15
07/26/2021,$3699.82,2900068,$3673.17,$3712.08,$3647.25
07/23/2021,$3656.64,2436292,$3640,$3666.11,$3622.04
07/22/2021,$3638.03,3265352,$3587.23,$3640.02,$3582.27
07/21/2021,$3585.2,2318989,$3576.375,$3586.45,$3543.6415
07/20/2021,$3573.19,3255680,$3567.32,$3592,$3518
07/19/2021,$3549.59,3784595,$3532.58,$3550.21,$3499.16
07/16/2021,$3573.63,4043706,$3633.31,$3646.0599,$3570.455
07/15/2021,$3631.2,3185292,$3694.2,$3695.4,$3620.92
07/14/2021,$3681.68,3296568,$3708.85,$3717.66,$3660.8266
07/13/2021,$3677.36,3845917,$3702.1,$3773.0782,$3671.32
07/12/2021,$3718.55,2571635,$3744,$3757.2899,$3696.7929
07/09/2021,$3719.34,3748237,$3722.52,$3748,$3693.3968
07/08/2021,$3731.41,5180623,$3643.56,$3759.9855,$3621.12
07/07/2021,$3696.58,5328062,$3717.377,$3734.2,$3678.91
07/06/2021,$3675.74,6744768,$3530.11,$3685.48,$3529
07/02/2021,$3510.98,3176697,$3451.64,$3511.72,$3436.92
07/01/2021,$3432.97,2037053,$3434.61,$3457,$3409.4206
06/30/2021,$3440.16,2403992,$3441.06,$3471.6019,$3435
06/29/2021,$3448.14,2098439,$3438.82,$3456.03,$3423.03
06/28/2021,$3443.89,2242793,$3416,$3448,$3413.5098
06/25/2021,$3401.46,3940997,$3464,$3464.82,$3394.18
06/24/2021,$3449.08,3831999,$3507.64,$3524.8599,$3430.85
06/23/2021,$3503.82,2813341,$3505,$3521,$3483.2
06/22/2021,$3505.44,3345082,$3458.06,$3523.78,$3456.09
06/21/2021,$3453.96,3277130,$3476.42,$3482,$3434
06/18/2021,$3486.9,5247737,$3479.99,$3507,$3473.71
06/17/2021,$3489.24,5136531,$3403.18,$3497.2,$3401
06/16/2021,$3415.25,4202782,$3392,$3426.35,$3360.53
06/15/2021,$3383.13,2426200,$3384,$3396.9866,$3363.1101
06/14/2021,$3383.87,2569655,$3346.83,$3385,$3335.5
06/11/2021,$3346.83,2817352,$3349.65,$3366.58,$3333.45
06/10/2021,$3349.65,3476480,$3282.01,$3351,$3281.15
06/09/2021,$3281.15,2455530,$3272.87,$3297.58,$3270.7
06/08/2021,$3264.11,3416730,$3222.61,$3279.5321,$3218.01
06/07/2021,$3198.01,2215756,$3197.33,$3208,$3172.2
06/04/2021,$3206.22,2249749,$3212,$3221,$3198.81
06/03/2021,$3187.01,2398293,$3204.23,$3214.435,$3184.03
06/02/2021,$3233.99,2014524,$3223.1,$3235,$3208
06/01/2021,$3218.65,2430045,$3243.495,$3250.98,$3209.06
05/28/2021,$3223.07,2331509,$3242,$3247.99,$3219.7
05/27/2021,$3230.11,2561157,$3256,$3260.355,$3230.04
05/26/2021,$3265.16,2383986,$3274.591,$3295.73,$3258.51
05/25/2021,$3259.05,3261109,$3266.67,$3279.82,$3213.76
05/24/2021,$3244.99,2422813,$3215.5,$3257.95,$3210.4993
05/21/2021,$3203.08,4104882,$3250,$3256.6946,$3197.01
05/20/2021,$3247.68,2633192,$3244.4042,$3259.6799,$3236.18
05/19/2021,$3231.8,2679708,$3195,$3234.75,$3184
05/18/2021,$3232.28,2828391,$3292.575,$3312,$3230.37
05/17/2021,$3270.39,3685599,$3245.93,$3292.75,$3234.59
05/14/2021,$3222.9,3325022,$3185.56,$3228.86,$3183
05/13/2021,$3161.47,3356877,$3185.47,$3203.84,$3133
05/12/2021,$3151.94,4936410,$3185,$3207.94,$3133.1
05/11/2021,$3223.91,4619781,$3136.28,$3238,$3127.37
05/10/2021,$3190.49,5838603,$3282.32,$3283,$3190
05/07/2021,$3291.61,4710276,$3319.09,$3330.89,$3289.0704
05/06/2021,$3306.37,4447696,$3270,$3314.4,$3247.2
05/05/2021,$3270.54,3711308,$3338.855,$3354.695,$3264.36
05/04/2021,$3311.87,5439449,$3356.19,$3367.975,$3272.13
05/03/2021,$3386.49,5875530,$3484.73,$3486.645,$3372.7012
04/30/2021,$3467.42,7009346,$3525.12,$3554,$3462.5
04/29/2021,$3471.31,7682381,$3505.098,$3514.445,$3435
04/28/2021,$3458.5,4631884,$3434.8,$3489.88,$3425
04/27/2021,$3417.43,3827140,$3443.47,$3460,$3398.01
04/26/2021,$3409,4880708,$3348,$3428.45,$3330.94
04/23/2021,$3340.88,3196652,$3319.1,$3375,$3308.5
04/22/2021,$3309.04,2580590,$3371.68,$3372.87,$3301.45
04/21/2021,$3362.02,2211166,$3316,$3362.86,$3303.8061
04/20/2021,$3334.69,2623032,$3373.6,$3382.99,$3316
04/19/2021,$3372.01,2725405,$3390.33,$3435.9333,$3360.16
04/16/2021,$3399.44,3186049,$3380,$3406.8,$3355.59
04/15/2021,$3379.09,3233580,$3371,$3396.9999,$3352
04/14/2021,$3333,3145204,$3404.04,$3404.13,$3326
04/13/2021,$3400,3315837,$3400.845,$3432,$3395.63
04/12/2021,$3379.39,3281798,$3355.21,$3395.04,$3351.15
04/09/2021,$3372.2,4341473,$3304.7,$3372.2,$3288.9
04/08/2021,$3299.3,2812090,$3310.9,$3324.5,$3292
04/07/2021,$3279.39,3346227,$3233.8,$3303.6125,$3223.65
04/06/2021,$3223.82,2537809,$3223.75,$3247.31,$3217.04
04/05/2021,$3226.73,3334882,$3173,$3235.955,$3161.24
04/01/2021,$3161,2940318,$3117.94,$3162.44,$3115.55
03/31/2021,$3094.08,3093896,$3064.06,$3119.33,$3062.5
03/30/2021,$3055.29,2337603,$3070.01,$3073,$3034
03/29/2021,$3075.73,2745968,$3055.439,$3091.25,$3028.445
03/26/2021,$3052.03,3312924,$3044.06,$3056.66,$2996
03/25/2021,$3046.26,3563469,$3072.99,$3109.78,$3037.14
03/24/2021,$3087.07,2958981,$3151.04,$3160.31,$3085.15
03/23/2021,$3137.5,3817263,$3127,$3182,$3120.8501
03/22/2021,$3110.87,2902179,$3067.85,$3126.58,$3060.05
03/19/2021,$3074.96,4625354,$3029.23,$3077.285,$3016.63
03/18/2021,$3027.99,3657027,$3101,$3116.63,$3025
03/17/2021,$3135.73,3118584,$3073.22,$3173.05,$3070.22
03/16/2021,$3091.86,2538764,$3104.97,$3128.91,$3075.8601
03/15/2021,$3081.68,2918592,$3074.57,$3082.24,$3032.09
03/12/2021,$3089.49,2421888,$3075,$3098.98,$3045.5
03/11/2021,$3113.59,2776391,$3104.01,$3131.7843,$3082.93
03/10/2021,$3057.64,3012489,$3098.45,$3116.46,$3030.05
03/09/2021,$3062.85,4030032,$3017.99,$3090.96,$3005.1474
03/08/2021,$2951.95,4185008,$3015,$3064.59,$2951.31
03/05/2021,$3000.46,5388551,$3005,$3009,$2881.0001
03/04/2021,$2977.57,5481578,$3012,$3058.13,$2945.43
03/03/2021,$3005,3988725,$3081.18,$3107.775,$2995
03/02/2021,$3094.53,2595762,$3143.47,$3163.52,$3087.1201
03/01/2021,$3146.14,2733963,$3127.89,$3149.56,$3097.99
02/26/2021,$3092.93,4275930,$3095.2,$3122.44,$3036.7
02/25/2021,$3057.16,4533801,$3136.74,$3178.26,$3047.76
02/24/2021,$3159.53,3011275,$3166.75,$3171.23,$3125.38
02/23/2021,$3194.5,4677222,$3127.03,$3204.73,$3093.6
02/22/2021,$3180.74,3515679,$3208.13,$3232.3199,$3172.26
02/19/2021,$3249.9,4305184,$3328.23,$3333.5,$3245.75
02/18/2021,$3328.23,3033607,$3282.42,$3338,$3273.94
02/17/2021,$3308.64,3302099,$3263.6,$3320.91,$3259.4996
02/16/2021,$3268.95,2574721,$3254.05,$3308.3,$3253.591
02/12/2021,$3277.71,2335339,$3250,$3280.25,$3233.31
02/11/2021,$3262.13,2301417,$3292,$3292,$3248.06
02/10/2021,$3286.58,3151550,$3314,$3317.9548,$3254
02/09/2021,$3305,2203526,$3312.49,$3338,$3297.84
02/08/2021,$3322.94,3257391,$3358.5,$3364.9999,$3304
02/05/2021,$3352.15,3620808,$3319,$3377,$3302.71
02/04/2021,$3331,3670661,$3330,$3347,$3277.75
02/03/2021,$3312.53,7088781,$3425.01,$3434,$3308.62
02/02/2021,$3380,7098637,$3380,$3427.74,$3361.125
02/01/2021,$3342.88,4160212,$3242.36,$3350.26,$3235.025
01/29/2021,$3206.2,4293556,$3230,$3236.99,$3184.55
01/28/2021,$3237.62,3149228,$3235.04,$3301.68,$3228.69
01/27/2021,$3232.58,4660158,$3341.49,$3346.52,$3207.08
01/26/2021,$3326.13,2955235,$3296.356,$3338,$3282.87
01/25/2021,$3294,3749758,$3328.5,$3363.89,$3243.1463
01/22/2021,$3292.23,2821914,$3304.31,$3321.91,$3283.1644
01/21/2021,$3306.99,4945051,$3293,$3348.55,$3289.5675
01/20/2021,$3263.38,5309835,$3181.99,$3279.8,$3175
01/19/2021,$3120.76,3305142,$3107,$3145,$3096
01/15/2021,$3104.25,4243995,$3123.02,$3142.545,$3095.17
01/14/2021,$3127.47,3070919,$3167.52,$3177.9999,$3120.59
01/13/2021,$3165.89,3321244,$3128.44,$3189.95,$3122.08
01/12/2021,$3120.83,3514582,$3120,$3142.1418,$3086
01/11/2021,$3114.21,3669095,$3148.01,$3156.3841,$3110
01/08/2021,$3182.7,3537744,$3180,$3190.64,$3142.2
01/07/2021,$3162.16,3514545,$3157,$3208.542,$3155
01/06/2021,$3138.38,4394815,$3146.48,$3197.509,$3131.16
01/05/2021,$3218.51,2655548,$3166.01,$3223.38,$3165.06
01/04/2021,$3186.63,4411449,$3270,$3272,$3144.02
12/31/2020,$3256.93,2957206,$3275,$3282.9219,$3241.2
12/30/2020,$3285.85,3209310,$3341,$3342.1,$3282.47
12/29/2020,$3322,4872933,$3309.94,$3350.65,$3281.223
12/28/2020,$3283.96,5686787,$3194,$3304,$3172.69
12/24/2020,$3172.69,1451917,$3193.9,$3202,$3169
12/23/2020,$3185.27,2093787,$3205,$3210.13,$3184.17
12/22/2020,$3206.52,2381781,$3202.843,$3222,$3180.08
12/21/2020,$3206.18,3836846,$3200.01,$3226.9666,$3166
12/18/2020,$3201.65,5995713,$3243.99,$3249.42,$3171.6
12/17/2020,$3236.08,3474347,$3250,$3263.51,$3221
12/16/2020,$3240.96,4427616,$3176.01,$3247,$3163.68
12/15/2020,$3165.12,3323686,$3181.01,$3188.4999,$3130.49
12/14/2020,$3156.97,4155794,$3143,$3190.47,$3126
12/11/2020,$3116.42,3064695,$3096.66,$3118.67,$3072.82
12/10/2020,$3101.49,3030186,$3088.99,$3142.1,$3076
12/09/2020,$3104.2,4100836,$3167.89,$3174.43,$3088
12/08/2020,$3177.29,3286303,$3158.9,$3184.13,$3120.02
12/07/2020,$3158,2751316,$3156.48,$3180.76,$3141.69
12/04/2020,$3162.58,2913611,$3198.21,$3198.21,$3158.76
12/03/2020,$3186.73,2892039,$3205.46,$3228.64,$3181.31
12/02/2020,$3203.53,3129304,$3221.65,$3232,$3173.2601
12/01/2020,$3220.08,4544382,$3188.5,$3248.95,$3157.18
11/30/2020,$3168.04,4063916,$3208.48,$3228.39,$3125.55
11/27/2020,$3195.34,2392867,$3211.26,$3216.19,$3190.05
11/25/2020,$3185.07,3790403,$3141.87,$3198,$3140.26
11/24/2020,$3118.06,3602102,$3100.5,$3134.25,$3086.258
11/23/2020,$3098.39,4708887,$3116.699,$3139.745,$3065.46
11/20/2020,$3099.4,3380138,$3117.02,$3132.89,$3098.0456
11/19/2020,$3117.02,3010270,$3105.31,$3125,$3080.92
11/18/2020,$3105.46,2916836,$3134,$3140,$3105.1
11/17/2020,$3135.66,3444735,$3183.545,$3189.25,$3135.26
11/16/2020,$3131.06,3808676,$3093.2,$3142.7,$3072.685
11/13/2020,$3128.81,3762587,$3122,$3141.7227,$3085.39
11/12/2020,$3110.28,4371208,$3159.95,$3175.88,$3086.05
11/11/2020,$3137.39,4366923,$3061.78,$3139.145,$3050
11/10/2020,$3035.02,6590956,$3095.02,$3114,$3019.4828
11/09/2020,$3143.74,7190406,$3231.03,$3289,$3112.1057
11/06/2020,$3311.37,4647330,$3304.64,$3322,$3232
11/05/2020,$3322,5789285,$3319.97,$3366.8,$3288.88
11/04/2020,$3241.16,6839041,$3159.99,$3244.85,$3139.73
11/03/2020,$3048.41,4897880,$3018.53,$3074.9,$2980.98
11/02/2020,$3004.48,7257350,$3061.74,$3079.705,$2950.12
10/30/2020,$3036.15,8396081,$3157.75,$3167.004,$3019
10/29/2020,$3211.01,6596529,$3201.27,$3257.25,$3164
10/28/2020,$3162.78,5588330,$3249.3,$3264.02,$3162.47
10/27/2020,$3286.33,4291047,$3224.94,$3291.66,$3211.3
10/26/2020,$3207.04,5901151,$3198.74,$3282.9799,$3153.3
10/23/2020,$3204.4,3466687,$3191,$3205.33,$3140
10/22/2020,$3176.4,4212005,$3189.87,$3198.75,$3121.94
10/21/2020,$3184.94,4592736,$3212.5,$3233.875,$3160
10/20/2020,$3217.01,4509678,$3222.28,$3266,$3192.01
10/19/2020,$3207.21,5223626,$3299.61,$3329,$3192.735
10/16/2020,$3272.71,6474353,$3363.23,$3399.6606,$3160
10/15/2020,$3338.65,5223448,$3292.01,$3355.88,$3280
10/14/2020,$3363.71,5828916,$3447,$3464.88,$3340
10/13/2020,$3443.63,5744697,$3467.99,$3492.38,$3424.217
10/12/2020,$3442.93,8364198,$3349.94,$3496.24,$3339.55
10/09/2020,$3286.65,4907871,$3210,$3288.99,$3197.83
10/08/2020,$3190.55,3174114,$3224.99,$3233.2944,$3174.99
10/07/2020,$3195.69,4309439,$3135,$3200,$3132.385
10/06/2020,$3099.96,5086857,$3165,$3182,$3090
10/05/2020,$3199.2,3775332,$3145.84,$3202.53,$3140.85
10/02/2020,$3125,5613098,$3153.63,$3195.7965,$3123
10/01/2020,$3221.26,4971922,$3208,$3224,$3172
09/30/2020,$3148.73,4896101,$3141.14,$3212.88,$3133.99
09/29/2020,$3144.88,3503398,$3175.39,$3188.26,$3132.54
09/28/2020,$3174.05,4224165,$3148.85,$3175.04,$3117.1684
09/25/2020,$3095.13,4615202,$3054.86,$3101.54,$2999
09/24/2020,$3019.79,5529392,$2977.79,$3069.3,$2965
09/23/2020,$2999.86,5652665,$3120.43,$3126.999,$2992.3759
09/22/2020,$3128.99,6948816,$3033.835,$3133.99,$3000.2
09/21/2020,$2960.47,6117925,$2906.5,$2962,$2871
09/18/2020,$2954.91,8892580,$3031.74,$3037.8,$2905.54
09/17/2020,$3008.73,6449050,$3009.25,$3029.432,$2972.55
09/16/2020,$3078.1,4531189,$3179.99,$3187.238,$3074.15
09/15/2020,$3156.13,4021535,$3136.16,$3175.02,$3108.92
09/14/2020,$3102.97,4529596,$3172.937,$3187.39,$3096
09/11/2020,$3116.22,5093982,$3208.69,$3217.3409,$3083.98
09/10/2020,$3175.11,5330741,$3307.219,$3349.89,$3170.55
09/09/2020,$3268.61,5188675,$3202.99,$3303.175,$3185
09/08/2020,$3149.84,6094205,$3144,$3250.845,$3130
09/04/2020,$3294.62,8781754,$3318,$3381.5,$3111.13
09/03/2020,$3368,8161113,$3485,$3488.41,$3303
09/02/2020,$3531.45,3931476,$3547,$3552.25,$3486.685
09/01/2020,$3499.12,3476407,$3489.58,$3513.87,$3467
08/31/2020,$3450.96,4185885,$3408.99,$3495,$3405
08/28/2020,$3401.8,2896978,$3423,$3433.3699,$3386.5
08/27/2020,$3400,4264795,$3450.05,$3453,$3378
08/26/2020,$3441.85,6508743,$3351.11,$3451.7387,$3344.5675
08/25/2020,$3346.49,3992842,$3294.99,$3357.4,$3267
08/24/2020,$3307.46,4666258,$3310.15,$3380.315,$3257.5608
08/21/2020,$3284.72,3575862,$3295,$3314.3962,$3275.39
08/20/2020,$3297.37,3332478,$3252,$3312.62,$3238
08/19/2020,$3260.48,4185137,$3303.01,$3315.9,$3256.0001
08/18/2020,$3312.49,5345974,$3212,$3320,$3205.8187
08/17/2020,$3182.41,2691237,$3173.12,$3194.97,$3154.1775
08/14/2020,$3148.02,2751723,$3178.18,$3178.2357,$3120
08/13/2020,$3161.02,3149043,$3182.99,$3217.5211,$3155
08/12/2020,$3162.24,3527229,$3108,$3174.385,$3101.42
08/11/2020,$3080.67,3718057,$3113.2,$3159.22,$3073
08/10/2020,$3148.16,3167274,$3170.31,$3172.51,$3101.52
08/07/2020,$3167.46,3936127,$3224.01,$3240.81,$3140.6726
08/06/2020,$3225,3940602,$3194.36,$3247.47,$3165.43
08/05/2020,$3205.03,3930025,$3143.77,$3213.5859,$3127.3
08/04/2020,$3138.83,4694294,$3101.21,$3167.24,$3101.21
08/03/2020,$3111.89,5074663,$3180.51,$3184,$3104
07/31/2020,$3164.68,8083369,$3244,$3246.82,$3151
07/30/2020,$3051.88,6128265,$3014,$3092,$3005
07/29/2020,$3033.53,2974060,$3030.99,$3039.1592,$2996.77
07/28/2020,$3000.33,3126651,$3054.27,$3077.0926,$2995.76
07/27/2020,$3055.21,4170492,$3062,$3098,$3015.77
07/24/2020,$3008.91,5632413,$2930,$3031.58,$2888
07/23/2020,$2986.55,5656906,$3098.2713,$3098.2713,$2970
07/22/2020,$3099.91,4104225,$3125,$3149.9999,$3065.26
07/21/2020,$3138.29,6134965,$3232.49,$3240.5758,$3105.72
07/20/2020,$3196.84,7598176,$3000.2,$3201.3599,$2994.0172
07/17/2020,$2961.97,4761319,$3009,$3024,$2948.45
07/16/2020,$2999.9,6394246,$2971.06,$3032,$2918.23
07/15/2020,$3008.87,5788874,$3080.23,$3098.35,$2973.1801
07/14/2020,$3084,7231933,$3089,$3127.38,$2950
07/13/2020,$3104,7720420,$3251.06,$3344.29,$3068.3901
07/10/2020,$3200,5485982,$3191.76,$3215,$3135.7
07/09/2020,$3182.63,6388659,$3115.99,$3193.8799,$3074.0016
07/08/2020,$3081.11,5037635,$3022.61,$3083.97,$3012.4301
07/07/2020,$3000.12,5257514,$3058.55,$3069.55,$2990
07/06/2020,$3057.04,6880642,$2934.97,$3059.88,$2930
07/02/2020,$2890.3,6593387,$2912.01,$2955.56,$2871.1021
07/01/2020,$2878.7,6363439,$2757.99,$2895,$2754
06/30/2020,$2758.82,3769686,$2685.065,$2769.63,$2675.03
06/29/2020,$2680.38,4223422,$2690.01,$2696.8,$2630.08
06/26/2020,$2692.87,6500784,$2775.056,$2782.5688,$2688
06/25/2020,$2754.58,2968657,$2739.55,$2756.23,$2712.14
06/24/2020,$2734.4,4526605,$2780,$2796,$2721
06/23/2020,$2764.41,4231707,$2726.02,$2783.11,$2718.04
06/22/2020,$2713.82,3208780,$2684.5,$2715,$2669
06/19/2020,$2675.01,5776963,$2678.08,$2697.43,$2659
06/18/2020,$2653.98,2487774,$2647.01,$2659.64,$2636.11
06/17/2020,$2640.98,2959316,$2647.5,$2655,$2631.82
06/16/2020,$2615.27,3595649,$2620,$2620,$2576
06/15/2020,$2572.68,3873335,$2526.6,$2584,$2508.0001
06/12/2020,$2545.02,5436127,$2601.21,$2621.4766,$2503.35
06/11/2020,$2557.96,5800107,$2603.5,$2671.38,$2536.23
06/10/2020,$2647.45,4946031,$2645,$2722.35,$2626.26
06/09/2020,$2600.86,5175950,$2529.44,$2626.43,$2525
06/08/2020,$2524.06,3970654,$2500.2,$2530,$2487.335
06/05/2020,$2483,3306445,$2444.51,$2488.645,$2437.13
06/04/2020,$2460.6,2948710,$2477.43,$2507.54,$2450.01
06/03/2020,$2478.4,2671024,$2468.01,$2488,$2461.17
06/02/2020,$2472.41,2529903,$2467,$2473.53,$2445.31
06/01/2020,$2471.04,2938032,$2448,$2476.93,$2444.17
05/29/2020,$2442.37,3529329,$2415.94,$2442.37,$2398.1973
05/28/2020,$2401.1,3193136,$2384.33,$2436.9699,$2378.23
05/27/2020,$2410.39,5056945,$2404.99,$2413.58,$2330
05/26/2020,$2421.86,3568153,$2458,$2462,$2414.06
05/22/2020,$2436.88,2867079,$2455.01,$2469.85,$2430.13
05/21/2020,$2446.74,5114403,$2500,$2525.45,$2442.54
05/20/2020,$2497.94,3998143,$2477.87,$2500.01,$2467.27
05/19/2020,$2449.33,4320498,$2429.83,$2484.995,$2428.97
05/18/2020,$2426.26,4366572,$2404.346,$2433,$2384.01
05/15/2020,$2409.78,4234951,$2368.52,$2411,$2356.37
05/14/2020,$2388.85,3648128,$2361.01,$2391.37,$2353.21
05/13/2020,$2367.92,4782919,$2366.8,$2407.7,$2337.805
05/12/2020,$2356.95,3074916,$2411.85,$2418.9999,$2355
05/11/2020,$2409,3259231,$2374.7,$2419.665,$2372.11
05/08/2020,$2379.61,3211228,$2372.14,$2387.2449,$2357
05/07/2020,$2367.61,3396411,$2374.78,$2376,$2343.11
05/06/2020,$2351.26,3117814,$2329.44,$2357.45,$2320
05/05/2020,$2317.8,3242496,$2340,$2351,$2307.1251
05/04/2020,$2315.99,4865926,$2256.38,$2326.98,$2256.38
05/01/2020,$2286.04,9772605,$2336.8,$2362.44,$2258.1901
04/30/2020,$2474,9534611,$2419.84,$2475,$2396.01
04/29/2020,$2372.71,4591593,$2330.01,$2391.89,$2310
04/28/2020,$2314.08,5269446,$2372.1,$2373.5,$2306
04/27/2020,$2376,5645645,$2443.2,$2444.88,$2363
04/24/2020,$2410.22,3831797,$2417,$2420.4332,$2382
04/23/2020,$2399.45,5066552,$2399.98,$2424.22,$2382.08
04/22/2020,$2363.49,4218295,$2369,$2394,$2351
04/21/2020,$2328.12,7476679,$2416.61,$2428.3099,$2279.66
04/20/2020,$2393.61,5770694,$2389.95,$2444.98,$2386.05
04/17/2020,$2375,7930010,$2372.33,$2400,$2316.02
04/16/2020,$2408.19,12038200,$2346,$2460.9981,$2335
04/15/2020,$2307.68,6866567,$2257.68,$2333.369,$2245
04/14/2020,$2283.32,8087193,$2200.47,$2292,$2186.21
04/13/2020,$2168.87,6716709,$2040,$2180,$2038
04/09/2020,$2042.76,4655617,$2044.3,$2053,$2017.66
04/08/2020,$2043,3977313,$2021,$2044,$2011.15
04/07/2020,$2011.6,5113983,$2017.11,$2035.72,$1997.62
04/06/2020,$1997.59,5773181,$1936,$1998.52,$1930.02
04/03/2020,$1906.59,3609870,$1911.15,$1926.33,$1889.15
04/02/2020,$1918.83,4335985,$1901.64,$1927.5258,$1890
04/01/2020,$1907.7,4121875,$1932.97,$1944.96,$1893
03/31/2020,$1949.72,5123626,$1964.35,$1993.02,$1944.01
03/30/2020,$1963.95,6126087,$1922.83,$1973.63,$1912.34
03/27/2020,$1900.1,5387897,$1930.86,$1939.79,$1899.92
03/26/2020,$1955.49,6235118,$1902,$1956.49,$1889.29
03/25/2020,$1885.84,6479073,$1920.69,$1950.26,$1885.78
03/24/2020,$1940.1,7147080,$1951.495,$1955,$1900.3403
03/23/2020,$1902.83,7808489,$1827.75,$1919.4,$1812
03/20/2020,$1846.09,9817850,$1926.31,$1957,$1820.73
03/19/2020,$1880.93,10399940,$1860,$1945,$1832.65
03/18/2020,$1830,9645218,$1750,$1841.66,$1745
03/17/2020,$1807.84,10917130,$1775.47,$1857.775,$1689.2402
03/16/2020,$1689.15,8917265,$1641.51,$1759.4519,$1626.0318
03/13/2020,$1785,8809725,$1755,$1786.31,$1680.62
03/12/2020,$1676.61,11346210,$1721.98,$1765,$1675
03/11/2020,$1820.86,5646831,$1857.85,$1871.3194,$1801.5
03/10/2020,$1891.82,7133310,$1870.88,$1894.27,$1818.17
03/09/2020,$1800.61,7813232,$1773.86,$1862.77,$1761.2901
03/06/2020,$1901.09,5273580,$1875,$1910.87,$1869.5
03/05/2020,$1924.03,4748210,$1933,$1960.72,$1910
03/04/2020,$1975.83,4772919,$1946.57,$1978,$1922
03/03/2020,$1908.99,7534491,$1975.37,$1996.33,$1888.0901
03/02/2020,$1953.95,6761651,$1906.49,$1954.51,$1870
02/28/2020,$1883.75,9493797,$1814.63,$1889.76,$1811.129
02/27/2020,$1884.3,8143993,$1934.38,$1975,$1882.7621
02/26/2020,$1979.59,5240402,$1970.28,$2014.67,$1960.45
02/25/2020,$1972.74,6219094,$2026.42,$2034.6,$1958.42
02/24/2020,$2009.29,6546997,$2003.18,$2039.295,$1987.9742
02/21/2020,$2095.97,4650740,$2142.15,$2144.55,$2088
02/20/2020,$2153.1,3131342,$2173.07,$2176.79,$2127.45
02/19/2020,$2170.22,2561165,$2167.8,$2185.1,$2161.12
02/18/2020,$2155.67,2951070,$2125.02,$2166.07,$2124.105
02/14/2020,$2134.87,2606169,$2155.68,$2159.0352,$2125.89
02/13/2020,$2149.87,3031791,$2144.99,$2170.28,$2142
02/12/2020,$2160,3334264,$2163.2,$2180.2494,$2155.29
02/11/2020,$2150.8,5746011,$2150.9,$2185.95,$2136
02/10/2020,$2133.91,5056235,$2085.01,$2135.6,$2084.96
02/07/2020,$2079.28,5095347,$2041.99,$2098.53,$2038.1
02/06/2020,$2050.23,3182954,$2041.02,$2056.3,$2024.8001
02/05/2020,$2039.87,4376174,$2071.02,$2071.02,$2032
02/04/2020,$2049.67,5289338,$2029.88,$2059.8,$2015.37
02/03/2020,$2004.2,5899094,$2010.6,$2048.5,$2000.25
01/31/2020,$2008.72,15567280,$2051.47,$2055.72,$2002.27
01/30/2020,$1870.68,6327438,$1858,$1872.87,$1850.61
01/29/2020,$1858,2101390,$1864,$1874.75,$1855.02
01/28/2020,$1853.25,2808040,$1840.5,$1858.11,$1830.02
01/27/2020,$1828.34,3528509,$1820,$1841,$1815.34
01/24/2020,$1861.64,3766181,$1891.37,$1894.99,$1847.44
01/23/2020,$1884.58,2484613,$1885.11,$1889.975,$1872.76
01/22/2020,$1887.46,3216257,$1896.09,$1902.5,$1883.34
01/21/2020,$1892,3707785,$1865,$1894.27,$1860
01/17/2020,$1864.72,3997340,$1885.89,$1886.64,$1857.25
01/16/2020,$1877.94,2659493,$1882.99,$1885.59,$1866.02
01/15/2020,$1862.02,2896592,$1872.25,$1878.86,$1855.09
01/14/2020,$1869.44,3446381,$1885.88,$1887.11,$1858.55
01/13/2020,$1891.3,2785844,$1891.31,$1898,$1880.8
01/10/2020,$1883.16,2856959,$1905.37,$1906.94,$1880
01/09/2020,$1901.05,3174962,$1909.89,$1917.82,$1895.8038
01/08/2020,$1891.97,3511966,$1898.04,$1910.9999,$1886.4448
01/07/2020,$1906.86,4134010,$1904.5,$1913.89,$1892.0433
01/06/2020,$1902.88,4065698,$1860,$1903.69,$1860
01/03/2020,$1874.97,3766604,$1864.5,$1886.1965,$1864.5
01/02/2020,$1898.01,4035910,$1875,$1898.01,$1864.15
12/31/2019,$1847.84,2510380,$1842,$1853.26,$1832.23
12/30/2019,$1846.89,3677306,$1874,$1884,$1840.62
12/27/2019,$1869.8,6188754,$1882.92,$1901.4,$1866.01
12/26/2019,$1868.77,6024608,$1801.01,$1870.46,$1799.5
12/24/2019,$1789.21,881337,$1793.81,$1795.57,$1787.575
12/23/2019,$1793,2137493,$1788.26,$1793,$1784.51
12/20/2019,$1786.5,5152460,$1799.615,$1802.97,$1782.45
12/19/2019,$1792.28,2738320,$1780.5,$1792.99,$1774.06
12/18/2019,$1784.03,3354137,$1795.02,$1798.2,$1782.36
12/17/2019,$1790.66,3646697,$1778.01,$1792,$1777.39
12/16/2019,$1769.21,3149345,$1767,$1769.5,$1757.05
12/13/2019,$1760.94,2747909,$1765,$1768.99,$1755
12/12/2019,$1760.33,3103949,$1750,$1764,$1745.44
12/11/2019,$1748.72,2101318,$1741.67,$1750,$1735.7102
12/10/2019,$1739.21,2515644,$1747.4,$1750.67,$1735
12/09/2019,$1749.51,2502489,$1750.66,$1766.8919,$1745.61
12/06/2019,$1751.6,3119979,$1751.2,$1754.4,$1740.13
12/05/2019,$1740.48,2827852,$1763.5,$1763.5,$1740
12/04/2019,$1760.69,2680700,$1774.01,$1789.0894,$1760.2201
12/03/2019,$1769.96,3529582,$1760,$1772.87,$1747.23
12/02/2019,$1781.6,3931750,$1804.4,$1805.55,$1762.68
11/29/2019,$1800.8,1923440,$1817.78,$1824.69,$1800.79
11/27/2019,$1818.51,3035846,$1801,$1824.5,$1797.31
11/26/2019,$1796.94,3190428,$1779.92,$1797.03,$1778.35
11/25/2019,$1773.84,3489467,$1753.25,$1777.42,$1753.24
11/22/2019,$1745.72,2479081,$1739.02,$1746.43,$1731
11/21/2019,$1734.71,2662938,$1743,$1746.87,$1730.36
11/20/2019,$1745.53,2793759,$1749.14,$1762.524,$1734.12
11/19/2019,$1752.79,2274535,$1756.99,$1760.68,$1743.03
11/18/2019,$1752.53,2841907,$1738.3,$1753.7,$1722.71
11/15/2019,$1739.49,3931141,$1760.05,$1761.68,$1732.86
11/14/2019,$1754.6,2269417,$1751.43,$1766.5931,$1749.56
11/13/2019,$1753.11,2926892,$1773.39,$1775,$1747.3216
11/12/2019,$1778,2038925,$1774.66,$1786.22,$1771.91
11/11/2019,$1771.65,1947810,$1778,$1780,$1767.13
11/08/2019,$1785.88,2126198,$1787.89,$1789.88,$1774.04
11/07/2019,$1788.2,2651086,$1803.76,$1805.9,$1783.48
11/06/2019,$1795.77,2029783,$1801,$1802.5,$1788.58
11/05/2019,$1801.71,1885543,$1809.16,$1810.25,$1794
11/04/2019,$1804.66,2771922,$1801.01,$1815.06,$1801.01
11/01/2019,$1791.44,2790354,$1788.01,$1797.445,$1785.21
10/31/2019,$1776.66,2781185,$1775.99,$1792,$1771.4753
10/30/2019,$1779.99,2449405,$1760.24,$1782.38,$1759.115
10/29/2019,$1762.71,2276855,$1774.81,$1777,$1755.81
10/28/2019,$1777.08,3708851,$1748.06,$1778.7,$1742.5
10/25/2019,$1761.33,9626402,$1697.55,$1764.21,$1695
10/24/2019,$1780.78,5204350,$1771.09,$1788.3379,$1760.27
10/23/2019,$1762.17,2190380,$1761.3,$1770.05,$1742
10/22/2019,$1765.73,2234425,$1788.15,$1789.7799,$1762
10/21/2019,$1785.66,2224902,$1769.66,$1785.88,$1765
10/18/2019,$1757.51,3366091,$1787.8,$1793.98,$1749.2001
10/17/2019,$1787.48,2713773,$1796.49,$1798.85,$1782.02
10/16/2019,$1777.43,2804068,$1773.33,$1786.24,$1770.521
10/15/2019,$1767.38,3129244,$1742.14,$1776.45,$1740.62
10/14/2019,$1736.43,1928898,$1728.91,$1741.8887,$1722
10/11/2019,$1731.92,3279534,$1742.92,$1745.45,$1729.86
10/10/2019,$1720.26,2721531,$1725.24,$1738.29,$1713.75
10/09/2019,$1721.99,2089335,$1719.61,$1729.95,$1714.36
10/08/2019,$1705.51,2626840,$1722.49,$1727,$1705
10/07/2019,$1732.66,2187598,$1731.63,$1747.83,$1723.7
10/04/2019,$1739.65,2489277,$1726.02,$1740.575,$1719.23
10/03/2019,$1724.42,3624371,$1713,$1725,$1685.06
10/02/2019,$1713.23,3338476,$1727.74,$1728.89,$1705
10/01/2019,$1735.65,3170460,$1746,$1755.6,$1728.41
09/30/2019,$1735.91,2760768,$1726.99,$1737.46,$1709.22
09/27/2019,$1725.45,3948029,$1748,$1749.12,$1713.82
09/26/2019,$1739.84,3571952,$1762.79,$1763.37,$1731.5
09/25/2019,$1768.33,3531098,$1747.36,$1773,$1723
09/24/2019,$1741.61,4637901,$1790.605,$1795.705,$1735.545
09/23/2019,$1785.3,3139142,$1777,$1792.7,$1767.32
09/20/2019,$1794.16,5555839,$1821.71,$1830.63,$1780.92
09/19/2019,$1821.5,2078335,$1821.02,$1832.57,$1817.9
09/18/2019,$1817.46,2536012,$1817.04,$1822.06,$1795.5
09/17/2019,$1822.55,2033058,$1807.08,$1823.99,$1804.1
09/16/2019,$1807.84,3675473,$1824.02,$1825.6941,$1800.2
09/13/2019,$1839.34,1971317,$1842.01,$1846.1215,$1835.17
09/12/2019,$1843.55,2823505,$1837.63,$1853.66,$1834.28
09/11/2019,$1822.99,2432767,$1812.14,$1833.42,$1809.08
09/10/2019,$1820.55,2613879,$1822.75,$1825.81,$1805.3356
09/09/2019,$1831.35,2999515,$1841,$1850,$1824.61
09/06/2019,$1833.51,2496933,$1838.22,$1840.65,$1826.4
09/05/2019,$1840.72,3325189,$1821.95,$1842,$1815.575
09/04/2019,$1800.62,2326228,$1805,$1807.6308,$1796.23
09/03/2019,$1789.84,3546859,$1770,$1800.8,$1768
08/30/2019,$1776.29,3064147,$1797.49,$1799.74,$1764.57
08/29/2019,$1786.4,3018012,$1783,$1798.55,$1777.25
08/28/2019,$1764.25,2421893,$1755,$1767.86,$1744.0505
08/27/2019,$1761.83,3027245,$1775.73,$1779.4,$1746.68
08/26/2019,$1768.87,3085320,$1766.91,$1770,$1743.51
08/23/2019,$1749.62,5277898,$1793.03,$1804.8962,$1745.23
08/22/2019,$1805.6,2658388,$1828,$1829.4111,$1800.1
08/21/2019,$1823.54,2039231,$1819.39,$1829.5785,$1815
08/20/2019,$1801.38,1932835,$1814.5,$1816.82,$1799.88
08/19/2019,$1816.12,2820303,$1818.08,$1826,$1812.61
08/16/2019,$1792.57,3054240,$1792.89,$1802.9082,$1784.5496
08/15/2019,$1776.12,3809948,$1781.99,$1788,$1761.96
08/14/2019,$1762.96,4893649,$1793.01,$1795.6514,$1757.215
08/13/2019,$1824.34,4075021,$1783,$1831.7429,$1780
08/12/2019,$1784.92,2905498,$1795.99,$1800.98,$1777
08/09/2019,$1807.58,2879770,$1828.95,$1831.091,$1802.22
08/08/2019,$1832.89,3701242,$1806,$1834.26,$1798.11
08/07/2019,$1793.4,4526884,$1773.99,$1798.93,$1757
08/06/2019,$1787.83,5070258,$1792.23,$1793.77,$1753.4
08/05/2019,$1765.13,6058212,$1770.22,$1788.6678,$1748.78
08/02/2019,$1823.24,4956225,$1845.07,$1846.3634,$1808.02
08/01/2019,$1855.32,4713311,$1871.72,$1897.92,$1844.01
07/31/2019,$1866.78,4470727,$1898.11,$1899.55,$1849.44
07/30/2019,$1898.53,2910888,$1891.115,$1909.89,$1883.48
07/29/2019,$1912.45,4493190,$1930,$1932.226,$1890.54
07/26/2019,$1943.05,4927143,$1942,$1950.895,$1924.51
07/25/2019,$1973.82,4136461,$2001,$2001.2,$1972.72
07/24/2019,$2000.81,2631300,$1969.3,$2001.3,$1965.87
07/23/2019,$1994.49,2703480,$1995.99,$1997.79,$1973.13
07/22/2019,$1985.63,2908111,$1971.14,$1989,$1958.26
07/19/2019,$1964.52,3185612,$1991.21,$1996,$1962.2255
07/18/2019,$1977.9,3504252,$1980.01,$1987.5,$1951.55
07/17/2019,$1992.03,2558809,$2007.05,$2012,$1992.03
07/16/2019,$2009.9,2618198,$2010.58,$2026.3196,$2001.22
07/15/2019,$2020.99,2981343,$2021.4,$2022.9,$2001.55
07/12/2019,$2011,2509297,$2008.27,$2017,$2003.87
07/11/2019,$2001.07,4317766,$2025.62,$2035.8,$1995.3
07/10/2019,$2017.41,4931902,$1996.51,$2024.94,$1995.4
07/09/2019,$1988.3,4345698,$1947.8,$1990.01,$1943.475
07/08/2019,$1952.32,2883371,$1934.12,$1956,$1928.2532
07/05/2019,$1942.91,2628359,$1928.6,$1945.9,$1925.3
07/03/2019,$1939,1690294,$1935.89,$1941.59,$1930.5
07/02/2019,$1934.31,2651299,$1919.38,$1934.79,$1906.63
07/01/2019,$1922.19,3203347,$1922.98,$1929.82,$1914.66
06/28/2019,$1893.63,3037358,$1909.1,$1912.94,$1884
06/27/2019,$1904.28,2141721,$1902,$1911.24,$1898.04
06/26/2019,$1897.83,2441910,$1892.48,$1903.8,$1887.32
06/25/2019,$1878.27,3012347,$1911.84,$1916.385,$1872.42
06/24/2019,$1913.9,2282969,$1912.66,$1916.86,$1901.3
06/21/2019,$1911.3,3933576,$1916.1,$1925.95,$1907.58
06/20/2019,$1918.19,3217153,$1933.33,$1935.2,$1905.8
06/19/2019,$1908.79,2895347,$1907.84,$1919.5807,$1892.47
06/18/2019,$1901.37,3895728,$1901.35,$1921.67,$1899.79
06/17/2019,$1886.03,2634342,$1876.5,$1895.688,$1875.45
06/14/2019,$1869.67,2851163,$1864,$1876,$1859
06/13/2019,$1870.3,2795810,$1866.72,$1883.09,$1862.22
06/12/2019,$1855.32,2678335,$1853.98,$1865,$1844.38
06/11/2019,$1863.7,4042694,$1883.25,$1893.7,$1858
06/10/2019,$1860.63,5371007,$1822,$1884.87,$1818
06/07/2019,$1804.03,4808246,$1763.7,$1806.2538,$1759.49
06/06/2019,$1754.36,3689272,$1737.71,$1760,$1726.13
06/05/2019,$1738.5,4239782,$1749.6,$1752,$1715.2514
06/04/2019,$1729.56,5679121,$1699.24,$1730.82,$1680.89
06/03/2019,$1692.69,9098708,$1760.01,$1766.29,$1672
05/31/2019,$1775.07,4618819,$1790.01,$1795.585,$1772.7034
05/30/2019,$1816.32,3146850,$1825.49,$1829.47,$1807.825
05/29/2019,$1819.19,4279025,$1823.12,$1830,$1807.5327
05/28/2019,$1836.43,3199965,$1832.75,$1849.2669,$1827.35
05/24/2019,$1823.28,3369673,$1835.89,$1841.76,$1817.851
05/23/2019,$1815.48,4424265,$1836.59,$1844,$1804.2
05/22/2019,$1859.68,2936601,$1851.78,$1871.485,$1851
05/21/2019,$1857.52,4005122,$1874.79,$1878.9999,$1846
05/20/2019,$1858.97,3798198,$1852.69,$1867.78,$1835.54
05/17/2019,$1869,4736618,$1893.05,$1910.53,$1867.33
05/16/2019,$1907.57,4707822,$1885.94,$1917.51,$1882.29
05/15/2019,$1871.15,4692642,$1827.95,$1874.427,$1823
05/14/2019,$1840.12,4629107,$1839.5,$1852.44,$1815.75
05/13/2019,$1822.68,5783410,$1836.56,$1846.535,$1818
05/10/2019,$1889.98,5717994,$1898,$1903.79,$1856
05/09/2019,$1899.87,5308263,$1900,$1909.4,$1876
05/08/2019,$1917.77,4078568,$1918.87,$1935.37,$1910
05/07/2019,$1921,5902134,$1939.99,$1949.1005,$1903.3795
05/06/2019,$1950.55,5417841,$1917.98,$1959,$1910.5
05/03/2019,$1962.46,6381564,$1949,$1964.4,$1936
05/02/2019,$1900.82,3962915,$1913.33,$1921.55,$1881.87
05/01/2019,$1911.52,3116964,$1933.09,$1943.64,$1910.55
04/30/2019,$1926.52,3492929,$1930.1,$1935.71,$1906.95
04/29/2019,$1938.43,4000052,$1949,$1956.335,$1934.09
04/26/2019,$1950.63,8396605,$1929,$1951,$1898
04/25/2019,$1902.25,5625972,$1917.004,$1922.45,$1900.31
04/24/2019,$1901.75,3618382,$1925,$1929.6899,$1898.16
04/23/2019,$1923.77,4632169,$1891.2,$1929.26,$1889.58
04/22/2019,$1887.31,3361162,$1855.4,$1888.42,$1845.64
04/18/2019,$1861.69,2745002,$1868.79,$1870.82,$1859.48
04/17/2019,$1864.82,2838130,$1872.99,$1876.473,$1860.44
04/16/2019,$1863.04,3036907,$1851.35,$1869.77,$1848
04/15/2019,$1844.87,3710653,$1842,$1846.85,$1818.9
04/12/2019,$1843.06,3090899,$1848.4,$1851.5,$1841.3
04/11/2019,$1844.07,2623197,$1848.7,$1849.95,$1840.31
04/10/2019,$1847.33,2951939,$1841,$1848,$1828.81
04/09/2019,$1835.84,3703283,$1845.49,$1853.09,$1831.78
04/08/2019,$1849.86,3745428,$1833.23,$1850.2,$1825.11
04/05/2019,$1837.28,3628458,$1829,$1838.58,$1825.19
04/04/2019,$1818.86,3614013,$1820.65,$1828.75,$1804.2
04/03/2019,$1820.7,3923043,$1826.72,$1830,$1809.62
04/02/2019,$1813.98,3435556,$1811.02,$1820,$1805.121
04/01/2019,$1814.19,4173480,$1800.11,$1815.67,$1798.73
03/29/2019,$1780.75,3316831,$1786.58,$1792.86,$1776.63
03/28/2019,$1773.42,3030860,$1770,$1777.93,$1753.47
03/27/2019,$1765.7,4316646,$1784.13,$1787.5,$1745.68
03/26/2019,$1783.76,4848654,$1793,$1805.77,$1773.3598
03/25/2019,$1774.26,5098182,$1757.79,$1782.6751,$1747.5
03/22/2019,$1764.77,6347858,$1810.17,$1818.98,$1763.11
03/21/2019,$1819.26,5740075,$1796.26,$1823.75,$1787.281
03/20/2019,$1797.27,6153806,$1769.94,$1799.5,$1767.0338
03/19/2019,$1761.85,6339232,$1753.51,$1784.16,$1753.51
03/18/2019,$1742.15,5403392,$1712.7,$1750,$1712.63
03/15/2019,$1712.36,7538300,$1703,$1718.8,$1693.13
03/14/2019,$1686.22,2937759,$1691.2,$1702,$1684.34
03/13/2019,$1690.81,3540837,$1683,$1700,$1679.35
03/12/2019,$1673.1,3562993,$1669,$1684.265,$1660.98
03/11/2019,$1670.62,3797298,$1626.12,$1672.285,$1626.01
03/08/2019,$1620.8,4659945,$1604.01,$1622.72,$1586.57
03/07/2019,$1625.95,4945564,$1667.37,$1669.7534,$1620.51
03/06/2019,$1668.95,3984996,$1695.97,$1697.75,$1668.28
03/05/2019,$1692.43,3667977,$1702.95,$1707.8,$1689.01
03/04/2019,$1696.17,6154237,$1685,$1709.43,$1674.36
03/01/2019,$1671.73,4661618,$1655.13,$1674.26,$1651
02/28/2019,$1639.83,3016008,$1635.25,$1651.77,$1633.83
02/27/2019,$1641.09,3141146,$1628.18,$1641.81,$1615.1
02/26/2019,$1636.4,2657019,$1625.98,$1639.99,$1616.1335
02/25/2019,$1633,3169190,$1641.45,$1654.6,$1630.3873
02/22/2019,$1631.56,3090342,$1623.5,$1634.94,$1621.17
02/21/2019,$1619.44,3460682,$1619.85,$1623.56,$1600.91
02/20/2019,$1622.1,3314310,$1630,$1634.93,$1610.12
02/19/2019,$1627.58,3671821,$1601,$1634,$1600.56
02/15/2019,$1607.95,4333397,$1627.86,$1628.9099,$1604.5
02/14/2019,$1622.65,4106555,$1624.5,$1637.9,$1606.061
02/13/2019,$1640,3545096,$1647,$1656.38,$1637.1063
02/12/2019,$1638.01,4830487,$1604,$1639.395,$1598.88
02/11/2019,$1591,3301240,$1600.98,$1609.29,$1586
02/08/2019,$1588.22,5649888,$1586,$1588.59,$1566.756
02/07/2019,$1614.37,4605293,$1625,$1625.5389,$1592.91
02/06/2019,$1640.26,3930870,$1670.75,$1672.26,$1633.34
02/05/2019,$1658.81,4443632,$1643.34,$1665.26,$1642.5
02/04/2019,$1633.31,4911319,$1623,$1649.63,$1613.5
02/01/2019,$1626.23,11484130,$1638.88,$1673.06,$1622.01
01/31/2019,$1718.73,10304330,$1692.85,$1736.411,$1679.0821
01/30/2019,$1670.43,5717042,$1623,$1676.95,$1619.68
01/29/2019,$1593.88,4591586,$1631.27,$1632.38,$1590.72
01/28/2019,$1637.89,4807564,$1643.59,$1645,$1614.09
01/25/2019,$1670.57,4933434,$1670.5,$1683.48,$1661.6122
01/24/2019,$1654.93,4077737,$1641.07,$1657.2572,$1631.7847
01/23/2019,$1640.02,5192420,$1656,$1657.43,$1612
01/22/2019,$1632.17,6402655,$1681,$1681.8668,$1610.2
01/18/2019,$1696.2,5973318,$1712,$1716.2,$1691.54
01/17/2019,$1693.22,4179836,$1680,$1700.17,$1677.5
01/16/2019,$1683.78,6343614,$1684.22,$1705,$1675.8787
01/15/2019,$1674.56,5964298,$1632,$1675.16,$1626.01
01/14/2019,$1617.21,5989299,$1615,$1648.2,$1595.15
01/11/2019,$1640.56,4670093,$1640.55,$1660.294,$1636.22
01/10/2019,$1656.22,6487252,$1641.01,$1663.25,$1621.615
01/09/2019,$1659.42,6333528,$1652.98,$1667.7989,$1641.3953
01/08/2019,$1656.58,8830753,$1664.69,$1676.61,$1616.61
01/07/2019,$1629.51,7971720,$1602.31,$1634.56,$1589.185
01/04/2019,$1575.39,9161701,$1530,$1594,$1518.3101
01/03/2019,$1500.28,6934218,$1520.01,$1538,$1497.11
01/02/2019,$1539.13,7871967,$1465.2,$1553.36,$1460.93
12/31/2018,$1501.97,6941598,$1510.8,$1520.76,$1487
12/28/2018,$1478.02,8822598,$1473.35,$1513.47,$1449
12/27/2018,$1461.64,9631228,$1454.2,$1469,$1390.31
12/26/2018,$1470.9,10332870,$1368.89,$1473.1567,$1363.01
12/24/2018,$1343.96,7219996,$1346,$1396.03,$1307
12/21/2018,$1377.45,13556470,$1464.99,$1480,$1363.96
12/20/2018,$1460.83,9912659,$1484,$1509.5,$1432.69
12/19/2018,$1495.08,8624401,$1543.05,$1584.53,$1483.18
12/18/2018,$1551.48,6468073,$1540,$1567.55,$1523.01
12/17/2018,$1520.91,8729020,$1566,$1576.13,$1505.01
12/14/2018,$1591.91,6347659,$1638,$1642.57,$1585
12/13/2018,$1658.38,5249043,$1680,$1692.12,$1641.5
12/12/2018,$1663.54,6581356,$1669,$1704.99,$1660.27
12/11/2018,$1643.24,6217833,$1678,$1679.4684,$1619.6
12/10/2018,$1641.03,7467159,$1623.84,$1657.99,$1590.87
12/07/2018,$1629.13,7508939,$1705.07,$1718.9262,$1625.46
12/06/2018,$1699.19,8701197,$1614.87,$1701.05,$1609.85
12/04/2018,$1668.4,8653416,$1756,$1770.3382,$1665
12/03/2018,$1772.36,6840412,$1769.46,$1778.34,$1730
11/30/2018,$1690.17,5744168,$1679.5,$1696,$1666.5
11/29/2018,$1673.57,6600424,$1674.99,$1689.99,$1652.331
11/28/2018,$1677.75,8429894,$1613.92,$1681.45,$1601.215
11/27/2018,$1581.42,5758441,$1575.99,$1597.65,$1558.01
11/26/2018,$1581.33,6226531,$1539,$1584.81,$1524.22
11/23/2018,$1502.06,2707642,$1517,$1536.2,$1501.81
11/21/2018,$1516.73,5707400,$1542.99,$1550,$1515
11/20/2018,$1495.46,10824410,$1437.5,$1534.75,$1420
11/19/2018,$1512.29,7741370,$1577.01,$1581.19,$1503.36
11/16/2018,$1593.41,6057199,$1587.5,$1614.48,$1573.12
11/15/2018,$1619.44,8379824,$1581.01,$1624.82,$1546.51
11/14/2018,$1599.01,6439170,$1656.32,$1672.9952,$1597.07
11/13/2018,$1631.17,5901499,$1649.29,$1677.0638,$1613.75
11/12/2018,$1636.85,6763693,$1698.24,$1708.55,$1630.01
11/09/2018,$1712.43,5892058,$1732.5,$1743.9206,$1701.87
11/08/2018,$1754.91,6520345,$1755,$1784,$1725.11
11/07/2018,$1755.49,8166777,$1673,$1759.23,$1664.075
11/06/2018,$1642.81,4206093,$1618.35,$1665,$1614.55
11/05/2018,$1627.8,5615749,$1657.57,$1658.09,$1596.36
11/02/2018,$1665.53,6932644,$1678.59,$1697.44,$1651.83
11/01/2018,$1665.53,8054045,$1623.53,$1670.4465,$1598.44
10/31/2018,$1598.01,9372899,$1569.99,$1623.91,$1565.09
10/30/2018,$1530.42,12395130,$1486.16,$1540.99,$1476.36
10/29/2018,$1538.88,13791810,$1660,$1665.7383,$1495
10/26/2018,$1642.81,14941860,$1649.59,$1698.46,$1603
10/25/2018,$1782.17,9941447,$1703.34,$1794.81,$1692.0101
10/24/2018,$1664.2,6845123,$1773.7,$1777.7099,$1656.56
10/23/2018,$1768.7,6705686,$1742.24,$1776.34,$1714
10/22/2018,$1789.3,4481334,$1784,$1809.4999,$1756
10/19/2018,$1764.03,5854417,$1785.16,$1809.1,$1753
10/18/2018,$1770.72,5839352,$1821.49,$1830.15,$1767.87
10/17/2018,$1831.73,5282597,$1842.79,$1845,$1807
10/16/2018,$1819.96,5826985,$1783.5,$1823.88,$1761.55
10/15/2018,$1760.95,6360606,$1795,$1795.05,$1734.23
10/12/2018,$1788.61,9385256,$1808,$1808.95,$1742.53
10/11/2018,$1719.36,13858970,$1724,$1755.4,$1685.1
10/10/2018,$1755.25,10878990,$1857.89,$1858.56,$1754.41
10/09/2018,$1870.32,4732430,$1859.99,$1896.6759,$1852.32
10/08/2018,$1864.42,7346828,$1874,$1901.9962,$1830.6627
10/05/2018,$1889.65,6816213,$1917.99,$1929.08,$1862.83
10/04/2018,$1909.42,7240549,$1949,$1956,$1896.57
10/03/2018,$1952.76,5167224,$1981.7,$1989.7,$1949.81
10/02/2018,$1971.31,5360924,$1999.99,$2013.39,$1965.77
10/01/2018,$2004.36,3457725,$2021.99,$2033.19,$2003.6
09/28/2018,$2003,3991574,$2004.41,$2026.52,$1996.4648
09/27/2018,$2012.98,4295758,$1993.2365,$2016.1564,$1988.58
09/26/2018,$1974.85,4262097,$1968.5,$1995.25,$1961.52
09/25/2018,$1974.55,4351662,$1942.9,$1975.91,$1938.85
09/24/2018,$1934.36,4146563,$1903.79,$1936.88,$1865
09/21/2018,$1915.01,6774727,$1954.22,$1957.31,$1910.5011
09/20/2018,$1944.3,3142025,$1938.58,$1955,$1932.25
09/19/2018,$1926.42,4037641,$1940.5,$1940.83,$1904.9
09/18/2018,$1941.05,4231892,$1918.65,$1958.2,$1915.4391
09/17/2018,$1908.03,6981550,$1954.73,$1956.82,$1887.41
09/14/2018,$1970.19,3587896,$1992.93,$1993.648,$1959.22
09/13/2018,$1989.87,3605398,$2000,$2008.76,$1982.0277
09/12/2018,$1990,4407334,$1994,$2000,$1962.44
09/11/2018,$1987.15,5016780,$1928.27,$1988.88,$1917
09/10/2018,$1939.01,4481091,$1971,$1973.04,$1931.5158
09/07/2018,$1952.07,4856982,$1938.71,$1975.2,$1937.35
09/06/2018,$1958.31,7473086,$2006.505,$2007.5,$1935.209
09/05/2018,$1994.82,8197117,$2038.11,$2040.38,$1989.89
09/04/2018,$2039.51,5703128,$2026.5,$2050.5,$2013
08/31/2018,$2012.71,4148432,$2007,$2022.38,$2004.74
08/30/2018,$2002.38,7254573,$1997.42,$2025.57,$1986.9
08/29/2018,$1998.1,6432354,$1953.45,$1998.6899,$1948.94
08/28/2018,$1932.82,3070482,$1937.73,$1941.7771,$1928.82
08/27/2018,$1927.68,3546496,$1915,$1927.7,$1909.281
08/24/2018,$1905.39,2781770,$1910.51,$1916.01,$1902.54
08/23/2018,$1902.9,3548197,$1907.17,$1919.5,$1900.76
08/22/2018,$1904.9,3058369,$1876.64,$1905.8,$1876.64
08/21/2018,$1883.42,3068215,$1880,$1897.75,$1874.405
08/20/2018,$1876.71,2854320,$1890.57,$1891.7465,$1866.061
08/17/2018,$1882.22,4088548,$1885.8,$1888,$1855.55
08/16/2018,$1886.52,3884253,$1903.94,$1905,$1883.5525
08/15/2018,$1882.62,7658108,$1909.55,$1916.21,$1869.79
08/14/2018,$1919.65,3918758,$1919.39,$1921.01,$1900
08/13/2018,$1896.2,5508481,$1898.5,$1925,$1893.67
08/10/2018,$1886.3,3623734,$1888.51,$1899.5,$1878.2125
08/09/2018,$1898.52,4844363,$1882,$1914.57,$1877.48
08/08/2018,$1886.52,3922462,$1861,$1891.51,$1854.5
08/07/2018,$1862.48,3332789,$1854.53,$1869.72,$1846.2673
08/06/2018,$1847.75,3383971,$1825.81,$1847.77,$1818.92
08/03/2018,$1823.29,3454718,$1837.744,$1841,$1821.501
08/02/2018,$1834.33,4337911,$1788.77,$1836.56,$1786
08/01/2018,$1797.17,4139144,$1784,$1798.4365,$1776.02
07/31/2018,$1777.44,5716449,$1786.49,$1801.83,$1739.32
07/30/2018,$1779.22,6542712,$1827.33,$1829.5,$1766.02
07/27/2018,$1817.27,9670042,$1876.05,$1880.05,$1806.53
07/26/2018,$1808,9637399,$1839,$1844.68,$1804.5
07/25/2018,$1863.61,3657664,$1829.3,$1863.84,$1822.64
07/24/2018,$1829.24,4228340,$1829.01,$1840,$1809.3829
07/23/2018,$1802,3858903,$1812.21,$1819,$1769.99
07/20/2018,$1813.7,3879448,$1825.01,$1834.84,$1810.06
07/19/2018,$1812.97,4590063,$1829.46,$1841,$1811.27
07/18/2018,$1842.92,4851208,$1848,$1858.88,$1831.27
07/17/2018,$1843.93,5660705,$1811.56,$1851.69,$1797.3838
07/16/2018,$1822.49,5425916,$1821.95,$1841.95,$1814.45
07/13/2018,$1813.03,4381802,$1803.93,$1815.3,$1795.225
07/12/2018,$1796.62,4511274,$1764.51,$1798,$1762.18
07/11/2018,$1755,3167209,$1737.99,$1756.96,$1734
07/10/2018,$1743.07,2977310,$1738.53,$1750,$1731
07/09/2018,$1739.02,2926194,$1724.05,$1739.56,$1716.23
07/06/2018,$1710.63,2586450,$1696,$1715.268,$1691.67
07/05/2018,$1699.73,2974047,$1705.38,$1710.69,$1682.1501
07/03/2018,$1693.96,2177276,$1723.96,$1725,$1692.48
07/02/2018,$1713.78,3180640,$1682.7,$1713.89,$1678.06
06/29/2018,$1699.8,4486680,$1717,$1723.41,$1694.3156
06/28/2018,$1701.45,4521788,$1672.54,$1705.5,$1661.1738
06/27/2018,$1660.51,4778872,$1708.11,$1711.95,$1660
06/26/2018,$1691.09,4295320,$1672.37,$1701.565,$1663.34
06/25/2018,$1663.15,7494818,$1702.51,$1705,$1646.3089
06/22/2018,$1715.67,4050059,$1742.62,$1743,$1711.9
06/21/2018,$1730.22,4913177,$1760,$1763.1,$1717.56
06/20/2018,$1750.08,4320836,$1742.5,$1762.93,$1741.36
06/19/2018,$1734.78,4278496,$1709.04,$1736.11,$1700.39
06/18/2018,$1723.79,3094110,$1706.26,$1726.7404,$1702.56
06/15/2018,$1715.97,4729101,$1714,$1720.87,$1708.52
06/14/2018,$1723.86,3157127,$1713.48,$1724.7999,$1708.87
06/13/2018,$1704.86,3315258,$1702.81,$1713.75,$1700.12
06/12/2018,$1698.75,2203056,$1693,$1699.51,$1691.5235
06/11/2018,$1689.12,2317881,$1681.51,$1694.2436,$1680.5923
06/08/2018,$1683.99,2949020,$1681.12,$1689.44,$1673.01
06/07/2018,$1689.3,3756128,$1698.558,$1699.9,$1676.105
06/06/2018,$1695.75,5466032,$1704.51,$1714.5,$1686.47
06/05/2018,$1696.35,4733275,$1672.99,$1699,$1670.06
06/04/2018,$1665.27,3178387,$1648.9,$1665.68,$1645.49
06/01/2018,$1641.54,3302466,$1637.03,$1646.7299,$1635.09
05/31/2018,$1629.62,3157622,$1623,$1635,$1621.35
05/30/2018,$1624.89,2892704,$1618.1,$1626,$1612.93
05/29/2018,$1612.87,3837381,$1600.709,$1621.79,$1600.15
05/25/2018,$1610.15,2624784,$1603,$1614.12,$1600.4474
05/24/2018,$1603.07,3383788,$1598.03,$1608.24,$1588.38
05/23/2018,$1601.86,3348540,$1571.05,$1601.86,$1566.34
05/22/2018,$1581.4,2053733,$1589.89,$1589.89,$1575.25
05/21/2018,$1585.46,2840655,$1585,$1592.05,$1575
05/18/2018,$1574.37,2612564,$1581.33,$1583.5903,$1572.1
05/17/2018,$1581.76,2131238,$1580.56,$1594.04,$1573
05/16/2018,$1587.28,2535458,$1577.5,$1594.43,$1576.67
05/15/2018,$1576.12,5066420,$1587.8047,$1587.8047,$1565.2201
05/14/2018,$1601.54,2460302,$1604,$1611.18,$1600.05
05/11/2018,$1602.91,2258583,$1610.99,$1611.1,$1597.891
05/10/2018,$1609.08,2785394,$1608.475,$1615.6,$1603.44
05/09/2018,$1608,3628661,$1600,$1608,$1592
05/08/2018,$1592.39,3033526,$1595,$1596.88,$1582.51
05/07/2018,$1600.14,3793376,$1589.337,$1606.949,$1587.83
05/04/2018,$1580.95,3414088,$1562.45,$1584.9,$1562.19
05/03/2018,$1572.075,4235885,$1560.01,$1574.8,$1546.02
05/02/2018,$1569.68,4252230,$1580.98,$1588.4992,$1566.36
05/01/2018,$1582.26,4551661,$1563.22,$1585,$1552.18
04/30/2018,$1566.13,5421282,$1582.5,$1596,$1560.941
04/27/2018,$1572.62,13025430,$1634.01,$1638.1,$1567.386
04/26/2018,$1517.96,8309864,$1485.01,$1529.42,$1478.5
04/25/2018,$1460.17,6365989,$1458,$1469.99,$1415.02
04/24/2018,$1460.09,7470059,$1535.8,$1539.5,$1448.4475
04/23/2018,$1517.86,4447801,$1546.6947,$1548,$1503.4103
04/20/2018,$1527.49,5520642,$1561.1999,$1561.1999,$1516.093
04/19/2018,$1556.91,6483967,$1543.22,$1568.52,$1539.06
04/18/2018,$1527.84,5091677,$1514.65,$1533.8,$1504.11
04/17/2018,$1503.83,5008532,$1462.295,$1507.19,$1457.0219
04/16/2018,$1441.5,2773836,$1445,$1447,$1427.48
04/13/2018,$1430.79,3637586,$1449.136,$1459.7808,$1424.52
04/12/2018,$1448.5,3116939,$1439.5,$1452.12,$1435.06
04/11/2018,$1427.05,3544449,$1439.44,$1448.7758,$1424.89
04/10/2018,$1436.22,4258358,$1431.99,$1438.38,$1415.7
04/09/2018,$1406.08,4193564,$1425.03,$1438.48,$1402.571
04/06/2018,$1405.23,5838758,$1429.97,$1452.502,$1400.26
04/05/2018,$1451.75,6305513,$1441.99,$1459.5575,$1427.07
04/04/2018,$1410.57,6942485,$1358.24,$1415.39,$1352.88
04/03/2018,$1392.05,10212940,$1391.38,$1414,$1355.33
04/02/2018,$1371.99,10432560,$1417.62,$1421.358,$1355
03/29/2018,$1447.34,12570020,$1406,$1455.47,$1365.2
03/28/2018,$1431.42,13680370,$1447,$1455.9,$1386.17
03/27/2018,$1497.05,6887274,$1572.4,$1575.965,$1482.32
03/26/2018,$1555.86,5592200,$1530,$1556.99,$1499.25
03/23/2018,$1495.56,7977655,$1539.01,$1549.02,$1495.36
03/22/2018,$1544.92,6213379,$1565.47,$1573.85,$1542.4
03/21/2018,$1581.86,4740884,$1586.45,$1590,$1563.17
03/20/2018,$1586.51,4554675,$1550.34,$1587,$1545.41
03/19/2018,$1544.93,6406413,$1554.53,$1561.66,$1525.35
03/16/2018,$1571.68,5291848,$1583.45,$1589.44,$1567.5
03/15/2018,$1582.32,4057694,$1595,$1596.91,$1578.11
03/14/2018,$1591,4236655,$1597,$1606.444,$1590.89
03/13/2018,$1588.18,6514336,$1615.96,$1617.54,$1578.01
03/12/2018,$1598.39,5146149,$1592.6,$1605.33,$1586.7
03/09/2018,$1578.89,4508650,$1563.5,$1578.94,$1559.08
03/08/2018,$1551.86,3882904,$1550,$1554.88,$1545.25
03/07/2018,$1545,4164829,$1526.52,$1545.9,$1522.51
03/06/2018,$1537.64,4433105,$1533.2,$1542.13,$1528
03/05/2018,$1523.61,5192119,$1494.24,$1525.38,$1481
03/02/2018,$1500.25,6573973,$1469.1,$1501.05,$1455.0101
03/01/2018,$1493.45,6820462,$1513.6,$1518.49,$1465
02/28/2018,$1512.45,4498688,$1519.51,$1528.7,$1512
02/27/2018,$1511.98,4791167,$1524.5,$1526.78,$1507.21
02/26/2018,$1521.95,4944679,$1509.2,$1522.84,$1507
02/23/2018,$1500,4395443,$1495.34,$1500,$1486.5
02/22/2018,$1485.34,4806267,$1495.36,$1502.54,$1475.76
02/21/2018,$1482.92,6270085,$1485,$1503.49,$1478.92
02/20/2018,$1468.35,6473520,$1446.49,$1488.77,$1446.49
02/16/2018,$1448.69,4464048,$1457.37,$1465.8,$1446.56
02/15/2018,$1461.76,5634873,$1466.89,$1468.94,$1436.8367
02/14/2018,$1451.05,5940392,$1406.25,$1452.06,$1403.36
02/13/2018,$1414.51,5880823,$1385.93,$1419.72,$1383.53
02/12/2018,$1386.23,6718037,$1364.67,$1393.81,$1344.01
02/09/2018,$1339.6,14128670,$1373.49,$1383.5,$1265.93
02/08/2018,$1350.5,8496355,$1429.675,$1433.7522,$1349.94
02/07/2018,$1416.78,7126128,$1449,$1460.99,$1415.15
02/06/2018,$1442.84,10937550,$1361.46,$1443.99,$1351.79
02/05/2018,$1390,11422520,$1402.62,$1458.98,$1320.72
02/02/2018,$1429.95,11014340,$1477.39,$1498,$1414
02/01/2018,$1390,8985040,$1445,$1459.8799,$1385.1419
01/31/2018,$1450.89,6386185,$1451.3,$1472.58,$1450.04
01/30/2018,$1437.82,5802415,$1403.17,$1439.25,$1392
01/29/2018,$1417.68,5690168,$1409.18,$1431.39,$1400.44
01/26/2018,$1402.05,4825682,$1392.01,$1402.53,$1380.91
01/25/2018,$1377.95,4741473,$1368,$1378.34,$1357.62
01/24/2018,$1357.51,6781297,$1374.82,$1388.16,$1338
01/23/2018,$1362.54,5130673,$1338.09,$1364.9,$1337.34
01/22/2018,$1327.31,4126235,$1297.17,$1327.45,$1296.6636
01/19/2018,$1294.58,4455108,$1312,$1313,$1292.99
01/18/2018,$1293.32,4021640,$1293.95,$1304.6,$1284.02
01/17/2018,$1295,5240634,$1312.24,$1314,$1280.88
01/16/2018,$1304.86,7155026,$1323,$1339.94,$1292.3
01/12/2018,$1305.2,5434547,$1273.3925,$1305.76,$1273.3925
01/11/2018,$1276.68,3104031,$1259.74,$1276.77,$1256.46
01/10/2018,$1254.33,2679832,$1245.15,$1254.33,$1237.23
01/09/2018,$1252.7,3657243,$1256.9,$1259.33,$1241.76
01/08/2018,$1246.87,4270121,$1236,$1253.079,$1232.03
01/05/2018,$1229.14,3536299,$1217.51,$1229.14,$1210
01/04/2018,$1209.59,3015997,$1205,$1215.8699,$1204.66
01/03/2018,$1204.2,3094175,$1188.3,$1205.49,$1188.3
01/02/2018,$1189.01,2673958,$1172,$1190,$1170.51
12/29/2017,$1169.47,2678122,$1182.35,$1184,$1167.5
12/28/2017,$1186.1,1838549,$1189,$1190.1,$1184.38
12/27/2017,$1182.26,1866171,$1179.91,$1187.29,$1175.61
12/26/2017,$1176.76,1988906,$1168.36,$1178.32,$1160.55
12/22/2017,$1168.36,1575845,$1172.08,$1174.6199,$1167.8301
12/21/2017,$1174.76,2055103,$1175.9,$1179.17,$1167.64
12/20/2017,$1177.62,2364984,$1190.5,$1191,$1176
12/19/2017,$1187.38,2574578,$1189.15,$1192.97,$1179.1401
12/18/2017,$1190.58,2943252,$1187.37,$1194.78,$1180.91
12/15/2017,$1179.14,4775009,$1179.03,$1182.75,$1169.33
12/14/2017,$1174.26,3120265,$1163.71,$1177.93,$1162.45
12/13/2017,$1164.13,2588740,$1170,$1170.87,$1160.27
12/12/2017,$1165.08,2208812,$1166.51,$1173.6,$1161.61
12/11/2017,$1168.92,2360068,$1164.6,$1169.9,$1157
12/08/2017,$1162,2979278,$1170.4,$1172.79,$1157.1
12/07/2017,$1159.79,2508813,$1156.59,$1163.19,$1151
12/06/2017,$1152.35,2777524,$1137.99,$1155.89,$1136.08
12/05/2017,$1141.57,4074846,$1128.26,$1159.27,$1124.74
12/04/2017,$1133.95,5926970,$1173.85,$1175.2,$1128
12/01/2017,$1162.35,4101175,$1172.05,$1179.65,$1152
11/30/2017,$1176.75,4472454,$1167.1,$1178.5701,$1160
11/29/2017,$1161.27,9242181,$1194.8,$1194.8,$1145.19
11/28/2017,$1193.6,4548064,$1204.88,$1205.34,$1188.521
11/27/2017,$1195.83,6718385,$1202.66,$1213.41,$1191.15
11/24/2017,$1186,3528011,$1160.7,$1186.84,$1160.7
11/22/2017,$1156.16,3549453,$1141,$1160.27,$1141
11/21/2017,$1139.49,2461416,$1132.86,$1140,$1128.2
11/20/2017,$1126.31,2146183,$1129.77,$1133.42,$1122.55
11/17/2017,$1129.88,2360174,$1138.28,$1138.8,$1125.8101
11/16/2017,$1137.29,2210454,$1130.16,$1138.16,$1130.05
11/15/2017,$1126.69,3917182,$1127.01,$1131.75,$1121.63
11/14/2017,$1136.84,3136307,$1130.11,$1138,$1123.89
11/13/2017,$1129.17,2913376,$1123,$1139.9,$1122.34
11/10/2017,$1125.35,2178670,$1126.1,$1131.75,$1124.06
11/09/2017,$1129.13,3729458,$1125.96,$1129.6209,$1115.77
11/08/2017,$1132.88,2575956,$1122.82,$1135.54,$1119.11
11/07/2017,$1123.17,2684125,$1124.74,$1130.6,$1117.5
11/06/2017,$1120.66,3331032,$1109.15,$1125.41,$1108.77
11/03/2017,$1111.6,3739141,$1091.15,$1112.68,$1088.52
11/02/2017,$1094.22,3683447,$1097.81,$1101.935,$1086.8691
11/01/2017,$1103.68,3743189,$1105.4,$1108.97,$1096.74
10/31/2017,$1105.28,3474886,$1109,$1110.54,$1101.1201
10/30/2017,$1110.85,6608244,$1095.01,$1122.79,$1093.56
10/27/2017,$1100.95,16547950,$1058.14,$1105.58,$1050.55
10/26/2017,$972.43,5392856,$980.33,$982.9,$968.55
10/25/2017,$972.91,3029395,$978,$984.44,$966.24
10/24/2017,$975.9,2713262,$969,$979.85,$965
10/23/2017,$966.3,3482123,$986.73,$986.775,$962.5
10/20/2017,$982.91,2343556,$993.53,$994.62,$982
10/19/2017,$986.61,3084459,$990,$991.05,$980.24
10/18/2017,$997,2496848,$1009.27,$1022.31,$996.55
10/17/2017,$1009.13,2318762,$1005.59,$1011.4699,$1004.38
10/16/2017,$1006.34,2004816,$1008.44,$1009.5717,$1001.04
10/13/2017,$1002.94,2429175,$1007,$1007.77,$1001.03
10/12/2017,$1000.93,4083076,$996.81,$1008.44,$992.4
10/11/2017,$995,2335062,$991.27,$995.5,$986.695
10/10/2017,$987.2,3082929,$996.67,$997.95,$980.099
10/09/2017,$990.99,2936073,$993.24,$998.5,$987.5
10/06/2017,$989.58,3747408,$975.64,$995.75,$975.64
10/05/2017,$980.85,3220080,$970,$981.51,$969.64
10/04/2017,$965.45,2518509,$954.21,$967.79,$954.05
10/03/2017,$957.1,2664290,$958,$963.69,$950.37
10/02/2017,$959.19,2425585,$964,$967.305,$952.1201
09/29/2017,$961.35,2509194,$960.11,$964.83,$958.375
09/28/2017,$956.4,2521285,$951.86,$959.7,$950.101
09/27/2017,$950.87,3145310,$948,$955.3,$943.3
09/26/2017,$938.6,3504345,$945.49,$948.63,$931.75
09/25/2017,$939.79,5115097,$949.31,$949.42,$932.89
09/22/2017,$955.1,2629433,$961.01,$965.61,$954.42
09/21/2017,$964.65,2276374,$971.31,$971.7,$962.02
09/20/2017,$973.21,2752256,$971.79,$974.81,$962.1626
09/19/2017,$969.86,2629721,$977.25,$978.24,$967.46
09/18/2017,$974.19,3400701,$990.4,$992.7922,$968.17
09/15/2017,$986.79,3749512,$993.01,$996.25,$984.03
09/14/2017,$992.21,3899558,$996.8,$998.56,$987.74
09/13/2017,$999.6,3360247,$983.97,$1000,$979.42
09/12/2017,$982.58,2475557,$983.27,$984.6718,$975.517
09/11/2017,$977.96,2171998,$974.46,$981.94,$974.22
09/08/2017,$965.9,2589038,$979.1,$979.88,$963.47
09/07/2017,$979.47,2562517,$974,$980.59,$972.55
09/06/2017,$967.8,2125371,$968.32,$971.84,$960.6
09/05/2017,$965.27,2996501,$975.4,$976.7699,$960.37
09/01/2017,$978.25,2533779,$984.2,$984.5,$976.875
08/31/2017,$980.6,3314687,$974.7,$981,$972.76
08/30/2017,$967.59,2897969,$958.44,$969.41,$956.9062
08/29/2017,$954.06,2871568,$940,$956,$936.33
08/28/2017,$946.02,2576456,$946.54,$953,$942.25
08/25/2017,$945.26,3316602,$956,$957.621,$944.1
08/24/2017,$952.45,5186993,$957.42,$959,$941.14
08/23/2017,$958,2642936,$959.38,$962,$954.2
08/22/2017,$966.9,2745796,$955.52,$967.93,$955.495
08/21/2017,$953.29,3156891,$957.57,$961.2,$945.46
08/18/2017,$958.47,3275276,$961.4,$965.43,$954.65
08/17/2017,$960.57,3456073,$977.84,$977.84,$960.32
08/16/2017,$978.18,3125408,$981.65,$986.4605,$973.22
08/15/2017,$982.74,2544452,$988.9,$991.74,$982
08/14/2017,$983.3,3168461,$978.41,$985.5,$976.19
08/11/2017,$967.99,3464615,$960,$970.39,$951.38
08/10/2017,$956.92,5600182,$976.295,$979.86,$954.68
08/09/2017,$982.01,3568120,$982.6,$988,$975.27
08/08/2017,$989.84,2886062,$994.35,$996.28,$985.79
08/07/2017,$992.27,2670187,$990.65,$995,$987.14
08/04/2017,$987.58,2726739,$989.68,$991.672,$982
08/03/2017,$986.92,3252699,$999.47,$999.5,$984.59
08/02/2017,$995.89,4061270,$1001.77,$1003.21,$981.73
08/01/2017,$996.19,4527979,$996.11,$1006.4,$991.58
07/31/2017,$987.78,7326177,$1019.05,$1019.05,$987.02
07/28/2017,$1020.04,7674669,$1012.14,$1032.85,$1001
07/27/2017,$1046,10830380,$1069.55,$1083.31,$1040.18
07/26/2017,$1052.8,2881423,$1043.2,$1053.2,$1043.2
07/25/2017,$1039.87,2444862,$1038.05,$1043.3346,$1032.48
07/24/2017,$1038.95,3277624,$1028.34,$1043.01,$1027.4279
07/21/2017,$1025.67,2726844,$1021.28,$1026.1,$1011
07/20/2017,$1028.7,3074300,$1031.59,$1034.97,$1022.515
07/19/2017,$1026.87,2955263,$1025,$1031.59,$1022.5
07/18/2017,$1024.45,4002293,$1006,$1026.03,$1004
07/17/2017,$1010.04,3685206,$1004.69,$1014.75,$1003.81
07/14/2017,$1001.81,2100941,$1002.4,$1004.45,$996.89
07/13/2017,$1000.63,2877854,$1004.62,$1006.88,$995.9
07/12/2017,$1006.51,3605227,$1000.65,$1008.55,$998.1
07/11/2017,$994.13,2978422,$993,$995.99,$983.72
07/10/2017,$996.47,3515968,$985,$999.4392,$983.5
07/07/2017,$978.76,2589778,$969.55,$980.11,$969.14
07/06/2017,$965.14,3257432,$964.66,$974.4,$959.02
07/05/2017,$971.4,3648765,$961.53,$975,$955.25
07/03/2017,$953.66,2909108,$972.79,$974.49,$951.0001
06/30/2017,$968,3383436,$980.12,$983.47,$967.61
06/29/2017,$975.93,4295828,$979,$987.56,$965.25
06/28/2017,$990.33,3721937,$978.55,$990.68,$969.21
06/27/2017,$976.78,3759865,$990.69,$998.8,$976
06/26/2017,$993.98,3382126,$1008.5,$1009.8,$992
06/23/2017,$1003.74,2876508,$1002.54,$1004.62,$998.02
06/22/2017,$1001.3,2249784,$1002.23,$1006.9599,$997.2
06/21/2017,$1002.23,2916743,$998.7,$1002.72,$992.6518
06/20/2017,$992.59,4069195,$998,$1004.88,$992.02
06/19/2017,$995.17,5019791,$1017,$1017,$989.9
06/16/2017,$987.71,11439080,$996,$999.75,$982
06/15/2017,$964.17,5230302,$958.7,$965.73,$950.86
06/14/2017,$976.47,3965444,$988.59,$990.34,$966.71
06/13/2017,$980.79,4569183,$977.99,$984.5,$966.1
06/12/2017,$964.91,9437061,$967,$975.95,$945
06/09/2017,$978.31,7634038,$1012.5,$1012.99,$927
06/08/2017,$1010.27,2756796,$1012.06,$1013.61,$1006.11
06/07/2017,$1010.07,2818880,$1005.95,$1010.249,$1002
06/06/2017,$1003,3341855,$1012,$1016.5,$1001.25
06/05/2017,$1011.34,2717283,$1007.23,$1013.21,$1003.51
06/02/2017,$1006.73,3749489,$998.99,$1008.48,$995.67
06/01/2017,$995.95,2451407,$998.59,$998.99,$991.37
05/31/2017,$994.62,3913721,$1000,$1000.12,$982.16
05/30/2017,$996.7,3256230,$996.51,$1001.2,$995.52
05/26/2017,$995.78,3462132,$995,$998.65,$989.2491
05/25/2017,$993.38,4817312,$984.85,$999,$982.11
05/24/2017,$980.35,2455977,$976,$981,$970.23
05/23/2017,$971.54,2412406,$975.02,$975.2,$966.85
05/22/2017,$970.67,2631854,$964,$971.38,$962.9
05/19/2017,$959.84,3967552,$962.84,$968.92,$959.72
05/18/2017,$958.49,3898729,$944.8,$962.75,$944.76
05/17/2017,$944.76,5129887,$954.7,$960.3957,$944.12
05/16/2017,$966.07,3114640,$961,$970.06,$960.91
05/15/2017,$957.97,4261618,$958.73,$963.15,$956.055
05/12/2017,$961.35,3622639,$954.5,$962.79,$951.53
05/11/2017,$947.62,2190678,$945.11,$950.29,$940.775
05/10/2017,$948.95,2093334,$953.5,$953.7499,$945
05/09/2017,$952.82,3256357,$952.8,$957.89,$950.2
05/08/2017,$949.04,3406954,$940.95,$949.05,$939.21
05/05/2017,$934.15,2863978,$940.52,$940.79,$930.3
05/04/2017,$937.53,2413486,$944.75,$945,$934.215
05/03/2017,$941.03,3578108,$946,$946,$935.9
05/02/2017,$946.94,3814589,$946.645,$950.1,$941.413
05/01/2017,$948.23,5459454,$927.8,$954.4,$927.8
04/28/2017,$924.99,7354916,$948.83,$949.59,$924.3335
04/27/2017,$918.38,5195293,$914.39,$921.86,$912.11
04/26/2017,$909.29,2603720,$910.3,$915.749,$907.56
04/25/2017,$907.62,3375239,$907.04,$909.48,$903
04/24/2017,$907.41,3118154,$908.68,$909.99,$903.82
04/21/2017,$898.53,2408664,$902.67,$903.65,$896.77
04/20/2017,$902.06,2808837,$899.7,$905.32,$896.29
04/19/2017,$899.2,2865603,$907.84,$910.5,$897.369
04/18/2017,$903.78,2996639,$900.99,$909.61,$900.78
04/17/2017,$901.99,2849145,$887.5,$902.38,$887.5
04/13/2017,$884.67,3169025,$891.45,$894.97,$884.49
04/12/2017,$896.23,2451575,$903.09,$904.09,$895.2501
04/11/2017,$902.36,3008307,$907.04,$911.24,$897.5
04/10/2017,$907.04,3180999,$899.63,$908.51,$899
